,收盘,delta_position_long_only,position_long_short,delta_position_long_short
2010-09-01,1025.57,0.0,0.0,-1.0
2010-09-02,995.59,0.0,-1.0,0.0
2010-09-03,1014.92,0.0,-1.0,0.0
2010-09-06,1036.7,0.0,-1.0,0.0
2010-09-07,1010.76,0.0,-1.0,0.0
2010-09-08,1022.62,0.0,-1.0,0.0
2010-09-09,1026.33,0.0,-1.0,0.0
2010-09-10,1021.83,0.0,-1.0,0.0
2010-09-13,1034.94,0.0,-1.0,0.0
2010-09-14,1042.48,0.0,-1.0,0.0
2010-09-15,1031.22,0.0,-1.0,0.0
2010-09-16,990.1,0.0,-1.0,0.0
2010-09-17,972.6,0.0,-1.0,0.0
2010-09-20,972.23,0.0,-1.0,0.0
2010-09-21,949.2,0.0,-1.0,0.0
2010-09-27,934.46,0.0,-1.0,0.0
2010-09-28,950.67,0.0,-1.0,0.0
2010-09-29,942.05,0.0,-1.0,0.0
2010-09-30,926.76,0.0,-1.0,0.0
2010-10-08,942.54,0.0,-1.0,0.0
2010-10-11,959.86,0.0,-1.0,0.0
2010-10-12,947.11,0.0,-1.0,0.0
2010-10-13,951.79,0.0,-1.0,0.0
2010-10-14,962.74,0.0,-1.0,0.0
2010-10-15,958.49,0.0,-1.0,0.0
2010-10-18,944.25,0.0,-1.0,0.0
2010-10-19,932.36,0.0,-1.0,0.0
2010-10-20,995.92,0.0,-1.0,0.0
2010-10-21,1004.54,0.0,-1.0,0.0
2010-10-22,991.84,0.0,-1.0,0.0
2010-10-25,1013.45,0.0,-1.0,0.0
2010-10-26,1039.05,0.0,-1.0,0.0
2010-10-27,1036.01,0.0,-1.0,0.0
2010-10-28,1030.59,0.0,-1.0,0.0
2010-10-29,1038.62,0.0,-1.0,0.0
2010-11-01,1064.52,1.0,-1.0,1.0
2010-11-02,1107.52,0.0,0.0,1.0
2010-11-03,1075.15,0.0,1.0,0.0
2010-11-04,1040.62,0.0,1.0,0.0
2010-11-05,1057.71,0.0,1.0,0.0
2010-11-08,1072.22,0.0,1.0,0.0
2010-11-09,1107.06,0.0,1.0,0.0
2010-11-10,1115.65,0.0,1.0,0.0
2010-11-11,1141.58,0.0,1.0,0.0
2010-11-12,1132.72,0.0,1.0,0.0
2010-11-15,1082.24,0.0,1.0,0.0
2010-11-16,1148.54,0.0,1.0,0.0
2010-11-17,1126.18,0.0,1.0,0.0
2010-11-18,1085.35,0.0,1.0,0.0
2010-11-19,1102.84,0.0,1.0,0.0
2010-11-22,1153.17,0.0,1.0,0.0
2010-11-23,1174.94,0.0,1.0,0.0
2010-11-24,1183.5,0.0,1.0,0.0
2010-11-25,1208.45,0.0,1.0,0.0
2010-11-26,1186.36,0.0,1.0,0.0
2010-11-29,1196.02,0.0,1.0,0.0
2010-11-30,1220.11,0.0,1.0,0.0
2010-12-01,1181.5,0.0,1.0,0.0
2010-12-02,1177.18,0.0,1.0,0.0
2010-12-03,1177.84,0.0,1.0,0.0
2010-12-06,1157.94,0.0,1.0,0.0
2010-12-07,1134.38,0.0,1.0,0.0
2010-12-08,1161.69,0.0,1.0,0.0
2010-12-09,1160.24,0.0,1.0,0.0
2010-12-10,1144.53,0.0,1.0,0.0
2010-12-13,1166.8,0.0,1.0,0.0
2010-12-14,1209.27,0.0,1.0,0.0
2010-12-15,1218.52,0.0,1.0,0.0
2010-12-16,1211.8,0.0,1.0,0.0
2010-12-17,1225.03,0.0,1.0,0.0
2010-12-20,1232.98,0.0,1.0,0.0
2010-12-21,1212.34,0.0,1.0,0.0
2010-12-22,1215.02,0.0,1.0,0.0
2010-12-23,1201.65,0.0,1.0,0.0
2010-12-24,1176.36,0.0,1.0,0.0
2010-12-27,1144.5,0.0,1.0,0.0
2010-12-28,1105.3,0.0,1.0,0.0
2010-12-29,1091.48,0.0,1.0,0.0
2010-12-30,1113.31,-1.0,1.0,-1.0
2010-12-31,1117.21,1.0,0.0,1.0
2011-01-04,1137.66,0.0,1.0,0.0
2011-01-05,1155.11,0.0,1.0,0.0
2011-01-06,1155.35,0.0,1.0,0.0
2011-01-07,1134.79,0.0,1.0,0.0
2011-01-10,1126.52,0.0,1.0,0.0
2011-01-11,1093.77,0.0,1.0,0.0
2011-01-12,1078.36,0.0,1.0,0.0
2011-01-13,1089.67,0.0,1.0,0.0
2011-01-14,1093.86,0.0,1.0,0.0
2011-01-17,1067.42,0.0,1.0,0.0
2011-01-18,1028.16,0.0,1.0,0.0
2011-01-19,1025.72,0.0,1.0,0.0
2011-01-20,1048.54,0.0,1.0,0.0
2011-01-21,1020.39,0.0,1.0,0.0
2011-01-24,1024.51,0.0,1.0,0.0
2011-01-25,994.97,0.0,1.0,0.0
2011-01-26,979.0,-1.0,1.0,-1.0
2011-01-27,995.74,0.0,0.0,-1.0
2011-01-28,1013.02,0.0,-1.0,0.0
2011-01-31,1020.94,0.0,-1.0,0.0
2011-02-01,1029.12,0.0,-1.0,0.0
2011-02-09,1032.6,0.0,-1.0,0.0
2011-02-10,1025.15,0.0,-1.0,0.0
2011-02-11,1063.95,0.0,-1.0,0.0
2011-02-14,1071.58,0.0,-1.0,0.0
2011-02-15,1086.56,0.0,-1.0,0.0
2011-02-16,1087.72,0.0,-1.0,0.0
2011-02-17,1107.24,0.0,-1.0,0.0
2011-02-18,1115.33,0.0,-1.0,0.0
2011-02-21,1100.46,0.0,-1.0,0.0
2011-02-22,1117.67,0.0,-1.0,0.0
2011-02-23,1088.27,0.0,-1.0,0.0
2011-02-24,1114.05,1.0,-1.0,1.0
2011-02-25,1101.95,0.0,0.0,1.0
2011-02-28,1095.1,-1.0,1.0,-1.0
2011-03-01,1099.78,0.0,0.0,-1.0
2011-03-02,1098.0,0.0,-1.0,0.0
2011-03-03,1088.9,0.0,-1.0,0.0
2011-03-04,1064.31,0.0,-1.0,0.0
2011-03-07,1071.86,0.0,-1.0,0.0
2011-03-08,1078.11,0.0,-1.0,0.0
2011-03-09,1084.82,0.0,-1.0,0.0
2011-03-10,1087.3,0.0,-1.0,0.0
2011-03-11,1093.9,0.0,-1.0,0.0
2011-03-14,1101.76,0.0,-1.0,0.0
2011-03-15,1107.54,0.0,-1.0,0.0
2011-03-16,1094.95,0.0,-1.0,0.0
2011-03-17,1102.21,0.0,-1.0,0.0
2011-03-18,1078.37,0.0,-1.0,0.0
2011-03-21,1083.6,0.0,-1.0,0.0
2011-03-22,1070.6,0.0,-1.0,0.0
2011-03-23,1067.29,0.0,-1.0,0.0
2011-03-24,1076.56,0.0,-1.0,0.0
2011-03-25,1077.99,0.0,-1.0,0.0
2011-03-28,1072.34,0.0,-1.0,0.0
2011-03-29,1052.11,0.0,-1.0,0.0
2011-03-30,1019.04,1.0,-1.0,1.0
2011-03-31,1006.37,0.0,0.0,1.0
2011-04-01,1008.3,0.0,1.0,0.0
2011-04-06,1015.08,0.0,1.0,0.0
2011-04-07,994.26,0.0,1.0,0.0
2011-04-08,1004.41,0.0,1.0,0.0
2011-04-11,1019.14,0.0,1.0,0.0
2011-04-12,1002.8,0.0,1.0,0.0
2011-04-13,1000.16,0.0,1.0,0.0
2011-04-14,1020.75,0.0,1.0,0.0
2011-04-15,1016.62,0.0,1.0,0.0
2011-04-18,1010.06,0.0,1.0,0.0
2011-04-19,1003.26,0.0,1.0,0.0
2011-04-20,994.3,0.0,1.0,0.0
2011-04-21,1008.18,0.0,1.0,0.0
2011-04-22,1010.56,0.0,1.0,0.0
2011-04-25,1004.65,0.0,1.0,0.0
2011-04-26,975.17,0.0,1.0,0.0
2011-04-27,958.29,0.0,1.0,0.0
2011-04-28,942.54,0.0,1.0,0.0
2011-04-29,904.15,0.0,1.0,0.0
2011-05-03,912.72,0.0,1.0,0.0
2011-05-04,922.07,0.0,1.0,0.0
2011-05-05,903.98,0.0,1.0,0.0
2011-05-06,914.59,0.0,1.0,0.0
2011-05-09,918.28,0.0,1.0,0.0
2011-05-10,931.77,0.0,1.0,0.0
2011-05-11,931.21,0.0,1.0,0.0
2011-05-12,929.95,0.0,1.0,0.0
2011-05-13,909.26,0.0,1.0,0.0
2011-05-16,909.77,0.0,1.0,0.0
2011-05-17,906.34,0.0,1.0,0.0
2011-05-18,895.15,0.0,1.0,0.0
2011-05-19,890.79,0.0,1.0,0.0
2011-05-20,884.89,0.0,1.0,0.0
2011-05-23,875.43,0.0,1.0,0.0
2011-05-24,840.9,0.0,1.0,0.0
2011-05-25,870.94,0.0,1.0,0.0
2011-05-26,842.35,0.0,1.0,0.0
2011-05-27,830.92,0.0,1.0,0.0
2011-05-30,822.94,0.0,1.0,0.0
2011-05-31,834.32,0.0,1.0,0.0
2011-06-01,846.32,0.0,1.0,0.0
2011-06-02,851.17,0.0,1.0,0.0
2011-06-03,833.74,0.0,1.0,0.0
2011-06-07,847.54,0.0,1.0,0.0
2011-06-08,847.71,0.0,1.0,0.0
2011-06-09,844.98,0.0,1.0,0.0
2011-06-10,828.02,0.0,1.0,0.0
2011-06-13,824.03,0.0,1.0,0.0
2011-06-14,829.36,-1.0,1.0,-1.0
2011-06-15,838.47,0.0,0.0,-1.0
2011-06-16,827.53,0.0,-1.0,0.0
2011-06-17,810.71,1.0,-1.0,1.0
2011-06-20,802.64,0.0,0.0,1.0
2011-06-21,791.76,-1.0,1.0,-1.0
2011-06-22,795.61,0.0,0.0,-1.0
2011-06-23,791.51,0.0,-1.0,0.0
2011-06-24,814.44,0.0,-1.0,0.0
2011-06-27,832.32,0.0,-1.0,0.0
2011-06-28,843.86,0.0,-1.0,0.0
2011-06-29,844.18,0.0,-1.0,0.0
2011-06-30,836.38,0.0,-1.0,0.0
2011-07-01,845.92,0.0,-1.0,0.0
2011-07-04,855.27,0.0,-1.0,0.0
2011-07-05,876.17,0.0,-1.0,0.0
2011-07-06,883.42,0.0,-1.0,0.0
2011-07-07,894.28,0.0,-1.0,0.0
2011-07-08,899.8,0.0,-1.0,0.0
2011-07-11,894.91,0.0,-1.0,0.0
2011-07-12,903.31,0.0,-1.0,0.0
2011-07-13,891.52,0.0,-1.0,0.0
2011-07-14,913.09,0.0,-1.0,0.0
2011-07-15,932.78,0.0,-1.0,0.0
2011-07-18,951.14,0.0,-1.0,0.0
2011-07-19,946.12,0.0,-1.0,0.0
2011-07-20,927.3,0.0,-1.0,0.0
2011-07-21,930.83,0.0,-1.0,0.0
2011-07-22,915.37,0.0,-1.0,0.0
2011-07-25,923.99,0.0,-1.0,0.0
2011-07-26,887.06,0.0,-1.0,0.0
2011-07-27,892.54,0.0,-1.0,0.0
2011-07-28,915.55,0.0,-1.0,0.0
2011-07-29,919.4,0.0,-1.0,0.0
2011-08-01,913.28,0.0,-1.0,0.0
2011-08-02,927.38,0.0,-1.0,0.0
2011-08-03,932.12,0.0,-1.0,0.0
2011-08-04,945.51,0.0,-1.0,0.0
2011-08-05,937.47,0.0,-1.0,0.0
2011-08-08,919.18,0.0,-1.0,0.0
2011-08-09,877.44,0.0,-1.0,0.0
2011-08-10,878.76,0.0,-1.0,0.0
2011-08-11,891.75,0.0,-1.0,0.0
2011-08-12,915.49,0.0,-1.0,0.0
2011-08-15,926.3,0.0,-1.0,0.0
2011-08-16,942.48,0.0,-1.0,0.0
2011-08-17,933.14,0.0,-1.0,0.0
2011-08-18,936.16,0.0,-1.0,0.0
2011-08-19,915.68,0.0,-1.0,0.0
2011-08-22,912.42,1.0,-1.0,1.0
2011-08-23,910.61,0.0,0.0,1.0
2011-08-24,936.42,-1.0,1.0,-1.0
2011-08-25,940.2,0.0,0.0,-1.0
2011-08-26,942.94,1.0,-1.0,1.0
2011-08-29,952.81,0.0,0.0,1.0
2011-08-30,954.03,0.0,1.0,0.0
2011-08-31,934.18,-1.0,1.0,-1.0
2011-09-01,921.49,0.0,0.0,-1.0
2011-09-02,917.75,0.0,-1.0,0.0
2011-09-05,909.85,0.0,-1.0,0.0
2011-09-06,883.87,0.0,-1.0,0.0
2011-09-07,874.74,0.0,-1.0,0.0
2011-09-08,899.61,0.0,-1.0,0.0
2011-09-09,891.93,0.0,-1.0,0.0
2011-09-13,881.58,0.0,-1.0,0.0
2011-09-14,861.92,0.0,-1.0,0.0
2011-09-15,876.95,0.0,-1.0,0.0
2011-09-16,875.86,0.0,-1.0,0.0
2011-09-19,874.88,0.0,-1.0,0.0
2011-09-20,854.71,0.0,-1.0,0.0
2011-09-21,856.81,0.0,-1.0,0.0
2011-09-22,881.03,0.0,-1.0,0.0
2011-09-23,852.92,0.0,-1.0,0.0
2011-09-26,843.48,0.0,-1.0,0.0
2011-09-27,829.35,0.0,-1.0,0.0
2011-09-28,830.88,0.0,-1.0,0.0
2011-09-29,817.52,0.0,-1.0,0.0
2011-09-30,791.89,0.0,-1.0,0.0
2011-10-10,791.13,0.0,-1.0,0.0
2011-10-11,790.04,0.0,-1.0,0.0
2011-10-12,786.15,0.0,-1.0,0.0
2011-10-13,816.14,0.0,-1.0,0.0
2011-10-14,833.02,0.0,-1.0,0.0
2011-10-17,830.2,0.0,-1.0,0.0
2011-10-18,832.29,0.0,-1.0,0.0
2011-10-19,806.6,0.0,-1.0,0.0
2011-10-20,804.44,0.0,-1.0,0.0
2011-10-21,778.95,0.0,-1.0,0.0
2011-10-24,763.3,1.0,-1.0,1.0
2011-10-25,772.41,0.0,0.0,1.0
2011-10-26,797.86,0.0,1.0,0.0
2011-10-27,811.13,0.0,1.0,0.0
2011-10-28,810.92,-1.0,1.0,-1.0
2011-10-31,833.42,0.0,0.0,-1.0
2011-11-01,852.8,0.0,-1.0,0.0
2011-11-02,853.36,0.0,-1.0,0.0
2011-11-03,881.05,0.0,-1.0,0.0
2011-11-04,877.66,0.0,-1.0,0.0
2011-11-07,882.25,0.0,-1.0,0.0
2011-11-08,878.76,0.0,-1.0,0.0
2011-11-09,862.36,0.0,-1.0,0.0
2011-11-10,891.12,0.0,-1.0,0.0
2011-11-11,895.27,0.0,-1.0,0.0
2011-11-14,891.19,1.0,-1.0,1.0
2011-11-15,915.98,-1.0,0.0,-1.0
2011-11-16,920.97,0.0,-1.0,0.0
2011-11-17,893.51,0.0,-1.0,0.0
2011-11-18,898.34,1.0,-1.0,1.0
2011-11-21,869.19,0.0,0.0,1.0
2011-11-22,863.13,0.0,1.0,0.0
2011-11-23,868.43,0.0,1.0,0.0
2011-11-24,864.81,0.0,1.0,0.0
2011-11-25,868.14,0.0,1.0,0.0
2011-11-28,863.5,-1.0,1.0,-1.0
2011-11-29,866.84,0.0,0.0,-1.0
2011-11-30,880.31,0.0,-1.0,0.0
2011-12-01,838.11,0.0,-1.0,0.0
2011-12-02,852.87,0.0,-1.0,0.0
2011-12-05,829.18,0.0,-1.0,0.0
2011-12-06,792.5,0.0,-1.0,0.0
2011-12-07,798.1,0.0,-1.0,0.0
2011-12-08,802.63,0.0,-1.0,0.0
2011-12-09,809.43,0.0,-1.0,0.0
2011-12-12,798.84,0.0,-1.0,0.0
2011-12-13,790.79,0.0,-1.0,0.0
2011-12-14,768.92,0.0,-1.0,0.0
2011-12-15,755.76,0.0,-1.0,0.0
2011-12-16,746.56,1.0,-1.0,1.0
2011-12-19,778.78,0.0,0.0,1.0
2011-12-20,793.44,0.0,1.0,0.0
2011-12-21,781.42,-1.0,1.0,-1.0
2011-12-22,761.34,0.0,0.0,-1.0
2011-12-23,757.9,1.0,-1.0,1.0
2011-12-26,761.44,0.0,0.0,1.0
2011-12-27,753.05,0.0,1.0,0.0
2011-12-28,727.17,0.0,1.0,0.0
2011-12-29,717.55,0.0,1.0,0.0
2011-12-30,716.55,0.0,1.0,0.0
2012-01-04,729.5,0.0,1.0,0.0
2012-01-05,707.11,0.0,1.0,0.0
2012-01-06,666.91,0.0,1.0,0.0
2012-01-09,669.02,0.0,1.0,0.0
2012-01-10,692.42,0.0,1.0,0.0
2012-01-11,716.45,0.0,1.0,0.0
2012-01-12,717.94,0.0,1.0,0.0
2012-01-13,709.89,0.0,1.0,0.0
2012-01-16,666.08,0.0,1.0,0.0
2012-01-17,633.91,0.0,1.0,0.0
2012-01-18,662.69,0.0,1.0,0.0
2012-01-19,624.91,0.0,1.0,0.0
2012-01-20,632.8,0.0,1.0,0.0
2012-01-30,646.38,0.0,1.0,0.0
2012-01-31,651.25,0.0,1.0,0.0
2012-02-01,648.68,0.0,1.0,0.0
2012-02-02,650.78,0.0,1.0,0.0
2012-02-03,665.4,0.0,1.0,0.0
2012-02-06,680.05,0.0,1.0,0.0
2012-02-07,686.51,0.0,1.0,0.0
2012-02-08,673.68,0.0,1.0,0.0
2012-02-09,692.3,0.0,1.0,0.0
2012-02-10,697.79,0.0,1.0,0.0
2012-02-13,698.85,-1.0,1.0,-1.0
2012-02-14,714.96,0.0,0.0,-1.0
2012-02-15,712.3,0.0,-1.0,0.0
2012-02-16,724.75,0.0,-1.0,0.0
2012-02-17,721.83,0.0,-1.0,0.0
2012-02-20,717.8,0.0,-1.0,0.0
2012-02-21,721.1,0.0,-1.0,0.0
2012-02-22,736.88,0.0,-1.0,0.0
2012-02-23,759.56,0.0,-1.0,0.0
2012-02-24,756.9,0.0,-1.0,0.0
2012-02-27,762.29,0.0,-1.0,0.0
2012-02-28,760.37,0.0,-1.0,0.0
2012-02-29,747.77,0.0,-1.0,0.0
2012-03-01,735.34,0.0,-1.0,0.0
2012-03-02,743.15,0.0,-1.0,0.0
2012-03-05,757.67,0.0,-1.0,0.0
2012-03-06,759.37,0.0,-1.0,0.0
2012-03-07,750.84,0.0,-1.0,0.0
2012-03-08,749.27,0.0,-1.0,0.0
2012-03-09,761.7,0.0,-1.0,0.0
2012-03-12,777.69,0.0,-1.0,0.0
2012-03-13,786.05,1.0,-1.0,1.0
2012-03-14,792.38,0.0,0.0,1.0
2012-03-15,756.46,0.0,1.0,0.0
2012-03-16,746.44,0.0,1.0,0.0
2012-03-19,765.56,0.0,1.0,0.0
2012-03-20,779.56,0.0,1.0,0.0
2012-03-21,755.58,0.0,1.0,0.0
2012-03-22,751.79,0.0,1.0,0.0
2012-03-23,750.85,0.0,1.0,0.0
2012-03-26,737.89,-1.0,1.0,-1.0
2012-03-27,737.21,0.0,0.0,-1.0
2012-03-28,735.73,1.0,-1.0,1.0
2012-03-29,698.49,-1.0,0.0,-1.0
2012-03-30,683.96,0.0,-1.0,0.0
2012-04-05,678.52,0.0,-1.0,0.0
2012-04-06,697.75,0.0,-1.0,0.0
2012-04-09,701.9,0.0,-1.0,0.0
2012-04-10,689.72,0.0,-1.0,0.0
2012-04-11,697.17,0.0,-1.0,0.0
2012-04-12,698.49,0.0,-1.0,0.0
2012-04-13,713.12,0.0,-1.0,0.0
2012-04-16,718.96,0.0,-1.0,0.0
2012-04-17,716.23,0.0,-1.0,0.0
2012-04-18,709.14,0.0,-1.0,0.0
2012-04-19,723.46,0.0,-1.0,0.0
2012-04-20,725.12,0.0,-1.0,0.0
2012-04-23,728.72,0.0,-1.0,0.0
2012-04-24,690.43,0.0,-1.0,0.0
2012-04-25,681.53,1.0,-1.0,1.0
2012-04-26,682.52,0.0,0.0,1.0
2012-04-27,678.44,0.0,1.0,0.0
2012-05-02,685.13,0.0,1.0,0.0
2012-05-03,693.61,0.0,1.0,0.0
2012-05-04,699.31,-1.0,1.0,-1.0
2012-05-07,713.19,0.0,0.0,-1.0
2012-05-08,733.05,0.0,-1.0,0.0
2012-05-09,731.72,0.0,-1.0,0.0
2012-05-10,719.35,0.0,-1.0,0.0
2012-05-11,727.29,0.0,-1.0,0.0
2012-05-14,721.08,0.0,-1.0,0.0
2012-05-15,719.87,0.0,-1.0,0.0
2012-05-16,720.12,1.0,-1.0,1.0
2012-05-17,709.96,0.0,0.0,1.0
2012-05-18,716.17,0.0,1.0,0.0
2012-05-21,706.22,0.0,1.0,0.0
2012-05-22,704.8,0.0,1.0,0.0
2012-05-23,714.66,0.0,1.0,0.0
2012-05-24,713.02,0.0,1.0,0.0
2012-05-25,712.58,0.0,1.0,0.0
2012-05-28,702.72,0.0,1.0,0.0
2012-05-29,706.47,0.0,1.0,0.0
2012-05-30,720.45,0.0,1.0,0.0
2012-05-31,727.19,0.0,1.0,0.0
2012-06-01,734.45,0.0,1.0,0.0
2012-06-04,734.26,0.0,1.0,0.0
2012-06-05,717.1,0.0,1.0,0.0
2012-06-06,715.93,-1.0,1.0,-1.0
2012-06-07,715.24,1.0,0.0,1.0
2012-06-08,711.43,0.0,1.0,0.0
2012-06-11,713.92,-1.0,1.0,-1.0
2012-06-12,734.5,0.0,0.0,-1.0
2012-06-13,735.29,0.0,-1.0,0.0
2012-06-14,746.51,0.0,-1.0,0.0
2012-06-15,740.97,0.0,-1.0,0.0
2012-06-18,742.27,0.0,-1.0,0.0
2012-06-19,752.98,0.0,-1.0,0.0
2012-06-20,747.49,0.0,-1.0,0.0
2012-06-21,748.39,0.0,-1.0,0.0
2012-06-25,739.05,0.0,-1.0,0.0
2012-06-26,720.6,0.0,-1.0,0.0
2012-06-27,715.92,0.0,-1.0,0.0
2012-06-28,718.93,0.0,-1.0,0.0
2012-06-29,711.14,0.0,-1.0,0.0
2012-07-02,726.68,0.0,-1.0,0.0
2012-07-03,741.19,0.0,-1.0,0.0
2012-07-04,743.9,0.0,-1.0,0.0
2012-07-05,739.62,0.0,-1.0,0.0
2012-07-06,724.31,0.0,-1.0,0.0
2012-07-09,737.29,0.0,-1.0,0.0
2012-07-10,722.28,0.0,-1.0,0.0
2012-07-11,713.53,0.0,-1.0,0.0
2012-07-12,719.3,0.0,-1.0,0.0
2012-07-13,734.32,0.0,-1.0,0.0
2012-07-16,725.79,0.0,-1.0,0.0
2012-07-17,691.39,0.0,-1.0,0.0
2012-07-18,697.0,1.0,-1.0,1.0
2012-07-19,702.14,-1.0,0.0,-1.0
2012-07-20,709.17,0.0,-1.0,0.0
2012-07-23,706.25,0.0,-1.0,0.0
2012-07-24,704.57,0.0,-1.0,0.0
2012-07-25,706.4,0.0,-1.0,0.0
2012-07-26,708.3,0.0,-1.0,0.0
2012-07-27,706.73,0.0,-1.0,0.0
2012-07-30,703.58,1.0,-1.0,1.0
2012-07-31,688.47,0.0,0.0,1.0
2012-08-01,676.96,-1.0,1.0,-1.0
2012-08-02,689.49,0.0,0.0,-1.0
2012-08-03,690.98,0.0,-1.0,0.0
2012-08-06,711.93,0.0,-1.0,0.0
2012-08-07,730.42,0.0,-1.0,0.0
2012-08-08,736.01,1.0,-1.0,1.0
2012-08-09,730.07,0.0,0.0,1.0
2012-08-10,743.2,-1.0,1.0,-1.0
2012-08-13,743.07,0.0,0.0,-1.0
2012-08-14,727.64,0.0,-1.0,0.0
2012-08-15,736.35,0.0,-1.0,0.0
2012-08-16,729.73,0.0,-1.0,0.0
2012-08-17,723.53,0.0,-1.0,0.0
2012-08-20,721.05,0.0,-1.0,0.0
2012-08-21,730.87,0.0,-1.0,0.0
2012-08-22,748.94,0.0,-1.0,0.0
2012-08-23,746.85,0.0,-1.0,0.0
2012-08-24,750.56,0.0,-1.0,0.0
2012-08-27,733.31,0.0,-1.0,0.0
2012-08-28,722.57,0.0,-1.0,0.0
2012-08-29,727.62,0.0,-1.0,0.0
2012-08-30,726.94,0.0,-1.0,0.0
2012-08-31,704.04,0.0,-1.0,0.0
2012-09-03,706.63,0.0,-1.0,0.0
2012-09-04,723.87,0.0,-1.0,0.0
2012-09-05,722.72,0.0,-1.0,0.0
2012-09-06,730.62,1.0,-1.0,1.0
2012-09-07,739.74,0.0,0.0,1.0
2012-09-10,759.46,0.0,1.0,0.0
2012-09-11,762.31,-1.0,1.0,-1.0
2012-09-12,761.73,1.0,0.0,1.0
2012-09-13,762.51,0.0,1.0,0.0
2012-09-14,749.89,0.0,1.0,0.0
2012-09-17,744.46,0.0,1.0,0.0
2012-09-18,724.15,0.0,1.0,0.0
2012-09-19,723.61,0.0,1.0,0.0
2012-09-20,728.25,0.0,1.0,0.0
2012-09-21,706.69,0.0,1.0,0.0
2012-09-24,691.14,0.0,1.0,0.0
2012-09-25,690.34,0.0,1.0,0.0
2012-09-26,682.34,0.0,1.0,0.0
2012-09-27,661.49,0.0,1.0,0.0
2012-09-28,676.96,0.0,1.0,0.0
2012-10-08,689.64,0.0,1.0,0.0
2012-10-09,690.77,0.0,1.0,0.0
2012-10-10,712.7,0.0,1.0,0.0
2012-10-11,721.85,0.0,1.0,0.0
2012-10-12,711.8,-1.0,1.0,-1.0
2012-10-15,708.87,0.0,0.0,-1.0
2012-10-16,701.96,1.0,-1.0,1.0
2012-10-17,705.39,0.0,0.0,1.0
2012-10-18,709.09,0.0,1.0,0.0
2012-10-19,720.52,0.0,1.0,0.0
2012-10-22,719.45,0.0,1.0,0.0
2012-10-23,724.28,0.0,1.0,0.0
2012-10-24,711.26,-1.0,1.0,-1.0
2012-10-25,707.75,0.0,0.0,-1.0
2012-10-26,697.44,1.0,-1.0,1.0
2012-10-29,685.33,0.0,0.0,1.0
2012-10-30,688.12,-1.0,1.0,-1.0
2012-10-31,689.61,0.0,0.0,-1.0
2012-11-01,691.65,1.0,-1.0,1.0
2012-11-02,701.78,-1.0,0.0,-1.0
2012-11-05,701.38,0.0,-1.0,0.0
2012-11-06,692.87,0.0,-1.0,0.0
2012-11-07,690.5,0.0,-1.0,0.0
2012-11-08,689.75,1.0,-1.0,1.0
2012-11-09,675.85,0.0,0.0,1.0
2012-11-12,672.67,0.0,1.0,0.0
2012-11-13,676.6,0.0,1.0,0.0
2012-11-14,667.33,-1.0,1.0,-1.0
2012-11-15,665.19,0.0,0.0,-1.0
2012-11-16,659.21,0.0,-1.0,0.0
2012-11-19,656.2,0.0,-1.0,0.0
2012-11-20,656.94,1.0,-1.0,1.0
2012-11-21,656.61,0.0,0.0,1.0
2012-11-22,660.03,0.0,1.0,0.0
2012-11-23,651.83,0.0,1.0,0.0
2012-11-26,651.43,0.0,1.0,0.0
2012-11-27,638.88,0.0,1.0,0.0
2012-11-28,616.28,0.0,1.0,0.0
2012-11-29,607.67,0.0,1.0,0.0
2012-11-30,603.17,0.0,1.0,0.0
2012-12-03,606.77,0.0,1.0,0.0
2012-12-04,593.66,0.0,1.0,0.0
2012-12-05,600.8,0.0,1.0,0.0
2012-12-06,624.82,0.0,1.0,0.0
2012-12-07,624.32,0.0,1.0,0.0
2012-12-10,637.49,0.0,1.0,0.0
2012-12-11,646.32,0.0,1.0,0.0
2012-12-12,641.17,0.0,1.0,0.0
2012-12-13,639.51,0.0,1.0,0.0
2012-12-14,632.18,-1.0,1.0,-1.0
2012-12-17,656.22,0.0,0.0,-1.0
2012-12-18,649.61,0.0,-1.0,0.0
2012-12-19,646.05,0.0,-1.0,0.0
2012-12-20,652.1,0.0,-1.0,0.0
2012-12-21,658.31,0.0,-1.0,0.0
2012-12-24,668.09,0.0,-1.0,0.0
2012-12-25,679.76,1.0,-1.0,1.0
2012-12-26,694.12,0.0,0.0,1.0
2012-12-27,709.08,0.0,1.0,0.0
2012-12-28,699.57,0.0,1.0,0.0
2012-12-31,707.67,0.0,1.0,0.0
2013-01-04,713.86,0.0,1.0,0.0
2013-01-07,705.34,0.0,1.0,0.0
2013-01-08,718.11,0.0,1.0,0.0
2013-01-09,733.14,0.0,1.0,0.0
2013-01-10,734.51,0.0,1.0,0.0
2013-01-11,741.18,-1.0,1.0,-1.0
2013-01-14,731.59,1.0,0.0,1.0
2013-01-15,760.55,0.0,1.0,0.0
2013-01-16,778.6,0.0,1.0,0.0
2013-01-17,774.49,0.0,1.0,0.0
2013-01-18,768.31,0.0,1.0,0.0
2013-01-21,787.39,0.0,1.0,0.0
2013-01-22,792.6,0.0,1.0,0.0
2013-01-23,775.14,0.0,1.0,0.0
2013-01-24,778.48,0.0,1.0,0.0
2013-01-25,757.87,0.0,1.0,0.0
2013-01-28,762.85,-1.0,1.0,-1.0
2013-01-29,784.76,0.0,0.0,-1.0
2013-01-30,791.67,1.0,-1.0,1.0
2013-01-31,783.68,0.0,0.0,1.0
2013-02-01,776.01,-1.0,1.0,-1.0
2013-02-04,782.36,0.0,0.0,-1.0
2013-02-05,771.9,0.0,-1.0,0.0
2013-02-06,780.98,0.0,-1.0,0.0
2013-02-07,791.26,0.0,-1.0,0.0
2013-02-08,805.59,1.0,-1.0,1.0
2013-02-18,823.03,0.0,0.0,1.0
2013-02-19,835.28,0.0,1.0,0.0
2013-02-20,819.71,-1.0,1.0,-1.0
2013-02-21,850.86,0.0,0.0,-1.0
2013-02-22,839.3,0.0,-1.0,0.0
2013-02-25,838.76,0.0,-1.0,0.0
2013-02-26,855.69,0.0,-1.0,0.0
2013-02-27,851.22,1.0,-1.0,1.0
2013-02-28,846.09,0.0,0.0,1.0
2013-03-01,861.1,-1.0,1.0,-1.0
2013-03-04,884.89,0.0,0.0,-1.0
2013-03-05,863.5,0.0,-1.0,0.0
2013-03-06,888.1,1.0,-1.0,1.0
2013-03-07,902.9,0.0,0.0,1.0
2013-03-08,877.34,0.0,1.0,0.0
2013-03-11,864.7,-1.0,1.0,-1.0
2013-03-12,869.15,0.0,0.0,-1.0
2013-03-13,839.84,0.0,-1.0,0.0
2013-03-14,834.05,0.0,-1.0,0.0
2013-03-15,842.04,0.0,-1.0,0.0
2013-03-18,853.91,0.0,-1.0,0.0
2013-03-19,852.12,0.0,-1.0,0.0
2013-03-20,842.69,0.0,-1.0,0.0
2013-03-21,866.27,0.0,-1.0,0.0
2013-03-22,882.73,0.0,-1.0,0.0
2013-03-25,882.0,0.0,-1.0,0.0
2013-03-26,881.76,0.0,-1.0,0.0
2013-03-27,876.36,0.0,-1.0,0.0
2013-03-28,882.75,0.0,-1.0,0.0
2013-03-29,867.51,0.0,-1.0,0.0
2013-04-01,866.46,0.0,-1.0,0.0
2013-04-02,877.0,1.0,-1.0,1.0
2013-04-03,845.16,0.0,0.0,1.0
2013-04-08,835.14,-1.0,1.0,-1.0
2013-04-09,853.48,0.0,0.0,-1.0
2013-04-10,861.99,0.0,-1.0,0.0
2013-04-11,850.53,0.0,-1.0,0.0
2013-04-12,847.78,0.0,-1.0,0.0
2013-04-15,846.61,0.0,-1.0,0.0
2013-04-16,836.34,0.0,-1.0,0.0
2013-04-17,846.05,0.0,-1.0,0.0
2013-04-18,867.51,0.0,-1.0,0.0
2013-04-19,873.48,0.0,-1.0,0.0
2013-04-22,892.21,0.0,-1.0,0.0
2013-04-23,916.02,1.0,-1.0,1.0
2013-04-24,893.79,0.0,0.0,1.0
2013-04-25,923.41,0.0,1.0,0.0
2013-04-26,903.63,0.0,1.0,0.0
2013-05-02,889.38,0.0,1.0,0.0
2013-05-03,913.65,0.0,1.0,0.0
2013-05-06,939.21,0.0,1.0,0.0
2013-05-07,958.02,0.0,1.0,0.0
2013-05-08,957.44,0.0,1.0,0.0
2013-05-09,980.08,0.0,1.0,0.0
2013-05-10,992.16,0.0,1.0,0.0
2013-05-13,988.3,-1.0,1.0,-1.0
2013-05-14,995.11,0.0,0.0,-1.0
2013-05-15,976.33,0.0,-1.0,0.0
2013-05-16,1012.66,0.0,-1.0,0.0
2013-05-17,1009.53,0.0,-1.0,0.0
2013-05-20,1023.4,0.0,-1.0,0.0
2013-05-21,1051.65,0.0,-1.0,0.0
2013-05-22,1073.58,0.0,-1.0,0.0
2013-05-23,1039.81,0.0,-1.0,0.0
2013-05-24,1042.9,0.0,-1.0,0.0
2013-05-27,1073.78,0.0,-1.0,0.0
2013-05-28,1089.72,0.0,-1.0,0.0
2013-05-29,1059.0,0.0,-1.0,0.0
2013-05-30,1065.96,0.0,-1.0,0.0
2013-05-31,1073.87,0.0,-1.0,0.0
2013-06-03,1073.02,0.0,-1.0,0.0
2013-06-04,1052.14,0.0,-1.0,0.0
2013-06-05,1022.46,0.0,-1.0,0.0
2013-06-06,1032.76,0.0,-1.0,0.0
2013-06-07,1022.13,0.0,-1.0,0.0
2013-06-13,1030.14,0.0,-1.0,0.0
2013-06-14,1029.28,0.0,-1.0,0.0
2013-06-17,1068.15,0.0,-1.0,0.0
2013-06-18,1073.69,1.0,-1.0,1.0
2013-06-19,1072.93,0.0,0.0,1.0
2013-06-20,1067.63,-1.0,1.0,-1.0
2013-06-21,1029.53,0.0,0.0,-1.0
2013-06-24,1025.5,0.0,-1.0,0.0
2013-06-25,971.45,0.0,-1.0,0.0
2013-06-26,984.75,0.0,-1.0,0.0
2013-06-27,1038.98,0.0,-1.0,0.0
2013-06-28,1022.5,0.0,-1.0,0.0
2013-07-01,1011.66,0.0,-1.0,0.0
2013-07-02,1055.84,0.0,-1.0,0.0
2013-07-03,1083.25,0.0,-1.0,0.0
2013-07-04,1104.58,1.0,-1.0,1.0
2013-07-05,1087.9,-1.0,0.0,-1.0
2013-07-08,1057.27,0.0,-1.0,0.0
2013-07-09,1030.6,0.0,-1.0,0.0
2013-07-10,1050.72,0.0,-1.0,0.0
2013-07-11,1068.86,0.0,-1.0,0.0
2013-07-12,1080.78,0.0,-1.0,0.0
2013-07-15,1096.3,0.0,-1.0,0.0
2013-07-16,1139.57,0.0,-1.0,0.0
2013-07-17,1143.2,0.0,-1.0,0.0
2013-07-18,1129.48,0.0,-1.0,0.0
2013-07-19,1127.97,0.0,-1.0,0.0
2013-07-22,1116.01,0.0,-1.0,0.0
2013-07-23,1153.77,0.0,-1.0,0.0
2013-07-24,1178.59,0.0,-1.0,0.0
2013-07-25,1203.31,0.0,-1.0,0.0
2013-07-26,1150.39,0.0,-1.0,0.0
2013-07-29,1158.35,1.0,-1.0,1.0
2013-07-30,1136.98,0.0,0.0,1.0
2013-07-31,1124.1,-1.0,1.0,-1.0
2013-08-01,1134.02,0.0,0.0,-1.0
2013-08-02,1190.11,0.0,-1.0,0.0
2013-08-05,1188.85,0.0,-1.0,0.0
2013-08-06,1202.83,0.0,-1.0,0.0
2013-08-07,1211.69,0.0,-1.0,0.0
2013-08-08,1175.7,0.0,-1.0,0.0
2013-08-09,1185.96,0.0,-1.0,0.0
2013-08-12,1172.52,0.0,-1.0,0.0
2013-08-13,1161.87,0.0,-1.0,0.0
2013-08-14,1172.33,0.0,-1.0,0.0
2013-08-15,1180.66,0.0,-1.0,0.0
2013-08-16,1167.09,0.0,-1.0,0.0
2013-08-19,1132.09,0.0,-1.0,0.0
2013-08-20,1171.4,0.0,-1.0,0.0
2013-08-21,1175.78,0.0,-1.0,0.0
2013-08-22,1181.34,0.0,-1.0,0.0
2013-08-23,1197.13,0.0,-1.0,0.0
2013-08-26,1219.83,1.0,-1.0,1.0
2013-08-27,1238.17,0.0,0.0,1.0
2013-08-28,1250.75,0.0,1.0,0.0
2013-08-29,1228.0,0.0,1.0,0.0
2013-08-30,1226.3,0.0,1.0,0.0
2013-09-02,1185.15,0.0,1.0,0.0
2013-09-03,1210.19,0.0,1.0,0.0
2013-09-04,1234.59,0.0,1.0,0.0
2013-09-05,1236.35,0.0,1.0,0.0
2013-09-06,1267.26,0.0,1.0,0.0
2013-09-09,1282.75,0.0,1.0,0.0
2013-09-10,1275.91,0.0,1.0,0.0
2013-09-11,1263.59,0.0,1.0,0.0
2013-09-12,1220.71,0.0,1.0,0.0
2013-09-13,1220.63,-1.0,1.0,-1.0
2013-09-16,1253.45,1.0,0.0,1.0
2013-09-17,1278.8,0.0,1.0,0.0
2013-09-18,1269.36,0.0,1.0,0.0
2013-09-23,1289.64,0.0,1.0,0.0
2013-09-24,1326.09,0.0,1.0,0.0
2013-09-25,1328.4,0.0,1.0,0.0
2013-09-26,1323.04,0.0,1.0,0.0
2013-09-27,1306.34,0.0,1.0,0.0
2013-09-30,1323.76,0.0,1.0,0.0
2013-10-08,1367.91,0.0,1.0,0.0
2013-10-09,1387.66,0.0,1.0,0.0
2013-10-10,1415.83,0.0,1.0,0.0
2013-10-11,1378.15,0.0,1.0,0.0
2013-10-14,1379.9,0.0,1.0,0.0
2013-10-15,1393.6,0.0,1.0,0.0
2013-10-16,1389.75,0.0,1.0,0.0
2013-10-17,1335.1,0.0,1.0,0.0
2013-10-18,1322.99,0.0,1.0,0.0
2013-10-21,1349.94,-1.0,1.0,-1.0
2013-10-22,1400.97,0.0,0.0,-1.0
2013-10-23,1350.47,0.0,-1.0,0.0
2013-10-24,1311.23,0.0,-1.0,0.0
2013-10-25,1295.93,0.0,-1.0,0.0
2013-10-28,1269.17,0.0,-1.0,0.0
2013-10-29,1279.05,0.0,-1.0,0.0
2013-10-30,1261.68,0.0,-1.0,0.0
2013-10-31,1273.29,0.0,-1.0,0.0
2013-11-01,1235.56,0.0,-1.0,0.0
2013-11-04,1221.96,0.0,-1.0,0.0
2013-11-05,1222.46,0.0,-1.0,0.0
2013-11-06,1260.03,0.0,-1.0,0.0
2013-11-07,1241.79,0.0,-1.0,0.0
2013-11-08,1224.05,0.0,-1.0,0.0
2013-11-11,1211.11,0.0,-1.0,0.0
2013-11-12,1212.69,0.0,-1.0,0.0
2013-11-13,1228.35,0.0,-1.0,0.0
2013-11-14,1212.08,0.0,-1.0,0.0
2013-11-15,1249.67,0.0,-1.0,0.0
2013-11-18,1269.05,0.0,-1.0,0.0
2013-11-19,1291.15,0.0,-1.0,0.0
2013-11-20,1298.17,0.0,-1.0,0.0
2013-11-21,1299.26,0.0,-1.0,0.0
2013-11-22,1298.95,0.0,-1.0,0.0
2013-11-25,1295.07,0.0,-1.0,0.0
2013-11-26,1293.8,0.0,-1.0,0.0
2013-11-27,1291.85,0.0,-1.0,0.0
2013-11-28,1329.48,1.0,-1.0,1.0
2013-11-29,1336.66,0.0,0.0,1.0
2013-12-02,1366.83,0.0,1.0,0.0
2013-12-03,1253.93,-1.0,1.0,-1.0
2013-12-04,1255.33,0.0,0.0,-1.0
2013-12-05,1240.29,0.0,-1.0,0.0
2013-12-06,1202.07,0.0,-1.0,0.0
2013-12-09,1206.78,0.0,-1.0,0.0
2013-12-10,1241.72,0.0,-1.0,0.0
2013-12-11,1231.92,0.0,-1.0,0.0
2013-12-12,1244.51,0.0,-1.0,0.0
2013-12-13,1279.32,0.0,-1.0,0.0
2013-12-16,1278.14,0.0,-1.0,0.0
2013-12-17,1279.96,0.0,-1.0,0.0
2013-12-18,1267.67,0.0,-1.0,0.0
2013-12-19,1256.0,0.0,-1.0,0.0
2013-12-20,1256.08,0.0,-1.0,0.0
2013-12-23,1253.71,0.0,-1.0,0.0
2013-12-24,1242.81,0.0,-1.0,0.0
2013-12-25,1258.82,0.0,-1.0,0.0
2013-12-26,1288.34,0.0,-1.0,0.0
2013-12-27,1269.54,0.0,-1.0,0.0
2013-12-30,1294.3,0.0,-1.0,0.0
2013-12-31,1307.99,0.0,-1.0,0.0
2014-01-02,1304.44,0.0,-1.0,0.0
2014-01-03,1333.0,0.0,-1.0,0.0
2014-01-06,1352.84,0.0,-1.0,0.0
2014-01-07,1323.33,0.0,-1.0,0.0
2014-01-08,1352.28,0.0,-1.0,0.0
2014-01-09,1405.02,1.0,-1.0,1.0
2014-01-10,1380.24,0.0,0.0,1.0
2014-01-13,1353.3,0.0,1.0,0.0
2014-01-14,1362.79,-1.0,1.0,-1.0
2014-01-15,1400.92,0.0,0.0,-1.0
2014-01-16,1415.32,0.0,-1.0,0.0
2014-01-17,1395.16,0.0,-1.0,0.0
2014-01-20,1395.51,0.0,-1.0,0.0
2014-01-21,1372.74,0.0,-1.0,0.0
2014-01-22,1407.15,0.0,-1.0,0.0
2014-01-23,1431.74,1.0,-1.0,1.0
2014-01-24,1461.53,0.0,0.0,1.0
2014-01-27,1484.43,0.0,1.0,0.0
2014-01-28,1477.67,0.0,1.0,0.0
2014-01-29,1471.34,0.0,1.0,0.0
2014-01-30,1496.53,0.0,1.0,0.0
2014-02-07,1495.98,0.0,1.0,0.0
2014-02-10,1532.69,0.0,1.0,0.0
2014-02-11,1553.42,0.0,1.0,0.0
2014-02-12,1527.15,0.0,1.0,0.0
2014-02-13,1539.97,0.0,1.0,0.0
2014-02-14,1485.13,0.0,1.0,0.0
2014-02-17,1515.78,0.0,1.0,0.0
2014-02-18,1558.62,0.0,1.0,0.0
2014-02-19,1545.34,0.0,1.0,0.0
2014-02-20,1544.4,0.0,1.0,0.0
2014-02-21,1515.16,0.0,1.0,0.0
2014-02-24,1519.67,0.0,1.0,0.0
2014-02-25,1540.03,0.0,1.0,0.0
2014-02-26,1472.69,0.0,1.0,0.0
2014-02-27,1465.99,0.0,1.0,0.0
2014-02-28,1414.66,0.0,1.0,0.0
2014-03-03,1434.89,0.0,1.0,0.0
2014-03-04,1465.14,0.0,1.0,0.0
2014-03-05,1460.45,0.0,1.0,0.0
2014-03-06,1464.58,0.0,1.0,0.0
2014-03-07,1462.53,0.0,1.0,0.0
2014-03-10,1460.61,0.0,1.0,0.0
2014-03-11,1407.07,0.0,1.0,0.0
2014-03-12,1395.81,-1.0,1.0,-1.0
2014-03-13,1399.27,0.0,0.0,-1.0
2014-03-14,1436.86,0.0,-1.0,0.0
2014-03-17,1434.02,0.0,-1.0,0.0
2014-03-18,1477.42,0.0,-1.0,0.0
2014-03-19,1485.64,0.0,-1.0,0.0
2014-03-20,1466.22,0.0,-1.0,0.0
2014-03-21,1417.66,0.0,-1.0,0.0
2014-03-24,1419.84,0.0,-1.0,0.0
2014-03-25,1397.29,0.0,-1.0,0.0
2014-03-26,1394.82,0.0,-1.0,0.0
2014-03-27,1417.61,0.0,-1.0,0.0
2014-03-28,1367.96,0.0,-1.0,0.0
2014-03-31,1330.5,0.0,-1.0,0.0
2014-04-01,1327.8,0.0,-1.0,0.0
2014-04-02,1355.05,0.0,-1.0,0.0
2014-04-03,1327.98,0.0,-1.0,0.0
2014-04-04,1326.18,0.0,-1.0,0.0
2014-04-08,1346.74,0.0,-1.0,0.0
2014-04-09,1351.18,0.0,-1.0,0.0
2014-04-10,1370.46,0.0,-1.0,0.0
2014-04-11,1381.14,0.0,-1.0,0.0
2014-04-14,1363.9,0.0,-1.0,0.0
2014-04-15,1372.73,0.0,-1.0,0.0
2014-04-16,1369.89,0.0,-1.0,0.0
2014-04-17,1359.3,0.0,-1.0,0.0
2014-04-18,1367.59,0.0,-1.0,0.0
2014-04-21,1377.42,0.0,-1.0,0.0
2014-04-22,1363.85,0.0,-1.0,0.0
2014-04-23,1336.19,0.0,-1.0,0.0
2014-04-24,1326.44,0.0,-1.0,0.0
2014-04-25,1319.51,0.0,-1.0,0.0
2014-04-28,1291.9,0.0,-1.0,0.0
2014-04-29,1257.26,1.0,-1.0,1.0
2014-04-30,1266.54,0.0,0.0,1.0
2014-05-05,1283.21,0.0,1.0,0.0
2014-05-06,1302.15,-1.0,1.0,-1.0
2014-05-07,1316.86,0.0,0.0,-1.0
2014-05-08,1290.03,0.0,-1.0,0.0
2014-05-09,1279.84,1.0,-1.0,1.0
2014-05-12,1258.58,0.0,0.0,1.0
2014-05-13,1278.28,0.0,1.0,0.0
2014-05-14,1276.24,0.0,1.0,0.0
2014-05-15,1278.66,0.0,1.0,0.0
2014-05-16,1253.88,0.0,1.0,0.0
2014-05-19,1226.47,-1.0,1.0,-1.0
2014-05-20,1228.37,1.0,0.0,1.0
2014-05-21,1244.65,0.0,1.0,0.0
2014-05-22,1257.8,0.0,1.0,0.0
2014-05-23,1269.51,0.0,1.0,0.0
2014-05-26,1296.0,0.0,1.0,0.0
2014-05-27,1320.76,0.0,1.0,0.0
2014-05-28,1306.28,0.0,1.0,0.0
2014-05-29,1338.97,0.0,1.0,0.0
2014-05-30,1314.21,-1.0,1.0,-1.0
2014-06-03,1318.13,0.0,0.0,-1.0
2014-06-04,1319.63,1.0,-1.0,1.0
2014-06-05,1321.72,-1.0,0.0,-1.0
2014-06-06,1355.48,0.0,-1.0,0.0
2014-06-09,1350.45,0.0,-1.0,0.0
2014-06-10,1326.68,0.0,-1.0,0.0
2014-06-11,1353.87,0.0,-1.0,0.0
2014-06-12,1367.39,0.0,-1.0,0.0
2014-06-13,1363.74,0.0,-1.0,0.0
2014-06-16,1382.73,0.0,-1.0,0.0
2014-06-17,1395.61,0.0,-1.0,0.0
2014-06-18,1377.43,0.0,-1.0,0.0
2014-06-19,1363.99,0.0,-1.0,0.0
2014-06-20,1320.66,0.0,-1.0,0.0
2014-06-23,1333.98,0.0,-1.0,0.0
2014-06-24,1361.28,0.0,-1.0,0.0
2014-06-25,1369.44,0.0,-1.0,0.0
2014-06-26,1358.71,0.0,-1.0,0.0
2014-06-27,1386.27,0.0,-1.0,0.0
2014-06-30,1388.82,0.0,-1.0,0.0
2014-07-01,1404.71,0.0,-1.0,0.0
2014-07-02,1411.74,0.0,-1.0,0.0
2014-07-03,1419.94,0.0,-1.0,0.0
2014-07-04,1422.6,0.0,-1.0,0.0
2014-07-07,1411.64,0.0,-1.0,0.0
2014-07-08,1393.89,0.0,-1.0,0.0
2014-07-09,1410.73,0.0,-1.0,0.0
2014-07-10,1384.58,0.0,-1.0,0.0
2014-07-11,1363.88,0.0,-1.0,0.0
2014-07-14,1359.34,0.0,-1.0,0.0
2014-07-15,1367.07,0.0,-1.0,0.0
2014-07-16,1341.27,0.0,-1.0,0.0
2014-07-17,1318.62,0.0,-1.0,0.0
2014-07-18,1312.81,0.0,-1.0,0.0
2014-07-21,1305.92,0.0,-1.0,0.0
2014-07-22,1306.97,0.0,-1.0,0.0
2014-07-23,1329.35,0.0,-1.0,0.0
2014-07-24,1293.09,0.0,-1.0,0.0
2014-07-25,1271.88,0.0,-1.0,0.0
2014-07-28,1285.77,0.0,-1.0,0.0
2014-07-29,1314.53,0.0,-1.0,0.0
2014-07-30,1331.76,1.0,-1.0,1.0
2014-07-31,1342.74,-1.0,0.0,-1.0
2014-08-01,1344.54,0.0,-1.0,0.0
2014-08-04,1325.94,1.0,-1.0,1.0
2014-08-05,1329.82,0.0,0.0,1.0
2014-08-06,1360.69,0.0,1.0,0.0
2014-08-07,1365.74,-1.0,1.0,-1.0
2014-08-08,1362.03,0.0,0.0,-1.0
2014-08-11,1377.45,0.0,-1.0,0.0
2014-08-12,1397.78,0.0,-1.0,0.0
2014-08-13,1396.44,0.0,-1.0,0.0
2014-08-14,1384.31,0.0,-1.0,0.0
2014-08-15,1380.3,0.0,-1.0,0.0
2014-08-18,1392.45,1.0,-1.0,1.0
2014-08-19,1428.74,0.0,0.0,1.0
2014-08-20,1436.4,-1.0,1.0,-1.0
2014-08-21,1427.4,0.0,0.0,-1.0
2014-08-22,1447.88,1.0,-1.0,1.0
2014-08-25,1461.72,0.0,0.0,1.0
2014-08-26,1443.81,0.0,1.0,0.0
2014-08-27,1411.15,-1.0,1.0,-1.0
2014-08-28,1420.54,0.0,0.0,-1.0
2014-08-29,1403.8,1.0,-1.0,1.0
2014-09-01,1424.47,0.0,0.0,1.0
2014-09-02,1452.84,0.0,1.0,0.0
2014-09-03,1465.03,0.0,1.0,0.0
2014-09-04,1477.67,0.0,1.0,0.0
2014-09-05,1495.51,0.0,1.0,0.0
2014-09-09,1489.84,0.0,1.0,0.0
2014-09-10,1494.02,0.0,1.0,0.0
2014-09-11,1504.91,0.0,1.0,0.0
2014-09-12,1513.01,0.0,1.0,0.0
2014-09-15,1524.12,0.0,1.0,0.0
2014-09-16,1526.14,0.0,1.0,0.0
2014-09-17,1473.13,0.0,1.0,0.0
2014-09-18,1479.12,-1.0,1.0,-1.0
2014-09-19,1490.79,0.0,0.0,-1.0
2014-09-22,1499.12,0.0,-1.0,0.0
2014-09-23,1483.35,0.0,-1.0,0.0
2014-09-24,1500.99,1.0,-1.0,1.0
2014-09-25,1517.42,0.0,0.0,1.0
2014-09-26,1508.42,0.0,1.0,0.0
2014-09-29,1511.36,0.0,1.0,0.0
2014-09-30,1526.18,0.0,1.0,0.0
2014-10-08,1540.87,0.0,1.0,0.0
2014-10-09,1557.57,0.0,1.0,0.0
2014-10-10,1561.17,0.0,1.0,0.0
2014-10-13,1554.22,0.0,1.0,0.0
2014-10-14,1548.33,0.0,1.0,0.0
2014-10-15,1539.12,0.0,1.0,0.0
2014-10-16,1545.62,0.0,1.0,0.0
2014-10-17,1526.56,0.0,1.0,0.0
2014-10-20,1511.05,0.0,1.0,0.0
2014-10-21,1532.38,0.0,1.0,0.0
2014-10-22,1517.48,0.0,1.0,0.0
2014-10-23,1504.55,0.0,1.0,0.0
2014-10-24,1477.84,0.0,1.0,0.0
2014-10-27,1477.59,0.0,1.0,0.0
2014-10-28,1492.01,0.0,1.0,0.0
2014-10-29,1522.05,0.0,1.0,0.0
2014-10-30,1530.08,0.0,1.0,0.0
2014-10-31,1525.77,0.0,1.0,0.0
2014-11-03,1513.27,0.0,1.0,0.0
2014-11-04,1529.89,0.0,1.0,0.0
2014-11-05,1516.4,0.0,1.0,0.0
2014-11-06,1512.49,0.0,1.0,0.0
2014-11-07,1532.52,0.0,1.0,0.0
2014-11-10,1522.63,0.0,1.0,0.0
2014-11-11,1514.82,0.0,1.0,0.0
2014-11-12,1461.51,0.0,1.0,0.0
2014-11-13,1475.75,0.0,1.0,0.0
2014-11-14,1442.86,0.0,1.0,0.0
2014-11-17,1441.21,0.0,1.0,0.0
2014-11-18,1471.69,0.0,1.0,0.0
2014-11-19,1481.86,0.0,1.0,0.0
2014-11-20,1505.55,0.0,1.0,0.0
2014-11-21,1494.59,0.0,1.0,0.0
2014-11-24,1504.83,0.0,1.0,0.0
2014-11-25,1507.81,-1.0,1.0,-1.0
2014-11-26,1541.92,1.0,0.0,1.0
2014-11-27,1554.22,0.0,1.0,0.0
2014-11-28,1563.41,-1.0,1.0,-1.0
2014-12-01,1570.85,0.0,0.0,-1.0
2014-12-02,1552.31,0.0,-1.0,0.0
2014-12-03,1565.42,1.0,-1.0,1.0
2014-12-04,1604.45,0.0,0.0,1.0
2014-12-05,1621.85,-1.0,1.0,-1.0
2014-12-08,1581.91,0.0,0.0,-1.0
2014-12-09,1567.16,0.0,-1.0,0.0
2014-12-10,1504.62,0.0,-1.0,0.0
2014-12-11,1572.69,0.0,-1.0,0.0
2014-12-12,1587.67,0.0,-1.0,0.0
2014-12-15,1623.57,0.0,-1.0,0.0
2014-12-16,1657.5,0.0,-1.0,0.0
2014-12-17,1649.58,0.0,-1.0,0.0
2014-12-18,1644.21,0.0,-1.0,0.0
2014-12-19,1634.05,0.0,-1.0,0.0
2014-12-22,1596.81,0.0,-1.0,0.0
2014-12-23,1517.93,0.0,-1.0,0.0
2014-12-24,1496.53,0.0,-1.0,0.0
2014-12-25,1519.8,0.0,-1.0,0.0
2014-12-26,1529.47,0.0,-1.0,0.0
2014-12-29,1536.08,0.0,-1.0,0.0
2014-12-30,1499.4,0.0,-1.0,0.0
2014-12-31,1460.11,0.0,-1.0,0.0
2015-01-05,1471.76,0.0,-1.0,0.0
2015-01-06,1464.77,0.0,-1.0,0.0
2015-01-07,1539.83,0.0,-1.0,0.0
2015-01-08,1523.39,0.0,-1.0,0.0
2015-01-09,1541.89,0.0,-1.0,0.0
2015-01-12,1553.24,0.0,-1.0,0.0
2015-01-13,1586.12,0.0,-1.0,0.0
2015-01-14,1601.17,0.0,-1.0,0.0
2015-01-15,1588.01,0.0,-1.0,0.0
2015-01-16,1586.34,0.0,-1.0,0.0
2015-01-19,1639.56,0.0,-1.0,0.0
2015-01-20,1630.07,0.0,-1.0,0.0
2015-01-21,1700.85,0.0,-1.0,0.0
2015-01-22,1722.58,0.0,-1.0,0.0
2015-01-23,1744.04,0.0,-1.0,0.0
2015-01-26,1697.29,0.0,-1.0,0.0
2015-01-27,1739.79,0.0,-1.0,0.0
2015-01-28,1743.68,0.0,-1.0,0.0
2015-01-29,1731.41,0.0,-1.0,0.0
2015-01-30,1711.37,0.0,-1.0,0.0
2015-02-02,1680.58,0.0,-1.0,0.0
2015-02-03,1696.83,0.0,-1.0,0.0
2015-02-04,1750.91,1.0,-1.0,1.0
2015-02-05,1757.74,0.0,0.0,1.0
2015-02-06,1774.31,0.0,1.0,0.0
2015-02-09,1730.97,0.0,1.0,0.0
2015-02-10,1708.85,0.0,1.0,0.0
2015-02-11,1747.68,0.0,1.0,0.0
2015-02-12,1772.85,0.0,1.0,0.0
2015-02-13,1788.81,0.0,1.0,0.0
2015-02-16,1825.49,0.0,1.0,0.0
2015-02-17,1896.63,0.0,1.0,0.0
2015-02-25,1894.31,0.0,1.0,0.0
2015-02-26,1876.75,0.0,1.0,0.0
2015-02-27,1880.39,0.0,1.0,0.0
2015-03-02,1928.04,0.0,1.0,0.0
2015-03-03,1986.99,0.0,1.0,0.0
2015-03-04,1961.74,0.0,1.0,0.0
2015-03-05,2009.83,0.0,1.0,0.0
2015-03-06,2014.79,0.0,1.0,0.0
2015-03-09,1951.4,0.0,1.0,0.0
2015-03-10,1994.39,0.0,1.0,0.0
2015-03-11,2045.32,0.0,1.0,0.0
2015-03-12,2035.83,0.0,1.0,0.0
2015-03-13,2018.13,0.0,1.0,0.0
2015-03-16,2069.07,0.0,1.0,0.0
2015-03-17,2142.67,0.0,1.0,0.0
2015-03-18,2137.46,0.0,1.0,0.0
2015-03-19,2182.92,0.0,1.0,0.0
2015-03-20,2183.88,-1.0,1.0,-1.0
2015-03-23,2213.77,1.0,0.0,1.0
2015-03-24,2293.65,0.0,1.0,0.0
2015-03-25,2357.97,0.0,1.0,0.0
2015-03-26,2385.01,0.0,1.0,0.0
2015-03-27,2291.79,0.0,1.0,0.0
2015-03-30,2323.82,0.0,1.0,0.0
2015-03-31,2290.48,0.0,1.0,0.0
2015-04-01,2335.17,0.0,1.0,0.0
2015-04-02,2404.91,0.0,1.0,0.0
2015-04-03,2475.33,0.0,1.0,0.0
2015-04-07,2510.16,0.0,1.0,0.0
2015-04-08,2556.7,0.0,1.0,0.0
2015-04-09,2488.16,0.0,1.0,0.0
2015-04-10,2496.49,0.0,1.0,0.0
2015-04-13,2552.83,0.0,1.0,0.0
2015-04-14,2577.78,0.0,1.0,0.0
2015-04-15,2558.85,0.0,1.0,0.0
2015-04-16,2441.74,0.0,1.0,0.0
2015-04-17,2484.33,0.0,1.0,0.0
2015-04-20,2463.99,-1.0,1.0,-1.0
2015-04-21,2424.85,0.0,0.0,-1.0
2015-04-22,2566.09,0.0,-1.0,0.0
2015-04-23,2634.93,0.0,-1.0,0.0
2015-04-24,2706.19,0.0,-1.0,0.0
2015-04-27,2734.75,0.0,-1.0,0.0
2015-04-28,2747.5,1.0,-1.0,1.0
2015-04-29,2687.97,-1.0,0.0,-1.0
2015-04-30,2797.52,0.0,-1.0,0.0
2015-05-04,2857.89,1.0,-1.0,1.0
2015-05-05,2845.25,0.0,0.0,1.0
2015-05-06,2783.44,-1.0,1.0,-1.0
2015-05-07,2846.56,0.0,0.0,-1.0
2015-05-08,2806.05,1.0,-1.0,1.0
2015-05-11,2973.6,-1.0,0.0,-1.0
2015-05-12,3146.83,0.0,-1.0,0.0
2015-05-13,3250.3,0.0,-1.0,0.0
2015-05-14,3192.15,1.0,-1.0,1.0
2015-05-15,3141.59,0.0,0.0,1.0
2015-05-18,3145.34,-1.0,1.0,-1.0
2015-05-19,3278.48,0.0,0.0,-1.0
2015-05-20,3322.77,1.0,-1.0,1.0
2015-05-21,3406.28,0.0,0.0,1.0
2015-05-22,3527.41,0.0,1.0,0.0
2015-05-25,3516.63,0.0,1.0,0.0
2015-05-26,3467.92,0.0,1.0,0.0
2015-05-27,3618.23,0.0,1.0,0.0
2015-05-28,3628.67,0.0,1.0,0.0
2015-05-29,3432.98,0.0,1.0,0.0
2015-06-01,3542.84,0.0,1.0,0.0
2015-06-02,3718.75,0.0,1.0,0.0
2015-06-03,3901.54,0.0,1.0,0.0
2015-06-04,3982.25,0.0,1.0,0.0
2015-06-05,3943.47,0.0,1.0,0.0
2015-06-08,3885.83,0.0,1.0,0.0
2015-06-09,3704.55,-1.0,1.0,-1.0
2015-06-10,3705.54,0.0,0.0,-1.0
2015-06-11,3834.7,0.0,-1.0,0.0
2015-06-12,3862.14,0.0,-1.0,0.0
2015-06-15,3899.71,0.0,-1.0,0.0
2015-06-16,3696.03,0.0,-1.0,0.0
2015-06-17,3590.67,0.0,-1.0,0.0
2015-06-18,3741.36,0.0,-1.0,0.0
2015-06-19,3504.55,0.0,-1.0,0.0
2015-06-23,3314.98,0.0,-1.0,0.0
2015-06-24,3393.94,0.0,-1.0,0.0
2015-06-25,3383.4,0.0,-1.0,0.0
2015-06-26,3206.38,0.0,-1.0,0.0
2015-06-29,2920.7,0.0,-1.0,0.0
2015-06-30,2689.76,0.0,-1.0,0.0
2015-07-01,2858.61,0.0,-1.0,0.0
2015-07-02,2759.41,0.0,-1.0,0.0
2015-07-03,2649.32,0.0,-1.0,0.0
2015-07-06,2605.28,1.0,-1.0,1.0
2015-07-07,2493.83,0.0,0.0,1.0
2015-07-08,2352.01,0.0,1.0,0.0
2015-07-09,2364.05,0.0,1.0,0.0
2015-07-10,2435.76,0.0,1.0,0.0
2015-07-13,2535.89,-1.0,1.0,-1.0
2015-07-14,2683.07,0.0,0.0,-1.0
2015-07-15,2726.05,0.0,-1.0,0.0
2015-07-16,2590.03,1.0,-1.0,1.0
2015-07-17,2627.08,0.0,0.0,1.0
2015-07-20,2783.32,0.0,1.0,0.0
2015-07-21,2848.3,-1.0,1.0,-1.0
2015-07-22,2882.9,0.0,0.0,-1.0
2015-07-23,2897.37,0.0,-1.0,0.0
2015-07-24,2967.95,0.0,-1.0,0.0
2015-07-27,2897.82,0.0,-1.0,0.0
2015-07-28,2683.45,0.0,-1.0,0.0
2015-07-29,2581.96,0.0,-1.0,0.0
2015-07-30,2693.87,1.0,-1.0,1.0
2015-07-31,2561.19,-1.0,0.0,-1.0
2015-08-03,2539.84,0.0,-1.0,0.0
2015-08-04,2399.27,0.0,-1.0,0.0
2015-08-05,2546.16,1.0,-1.0,1.0
2015-08-06,2502.04,0.0,0.0,1.0
2015-08-07,2480.93,0.0,1.0,0.0
2015-08-10,2576.99,-1.0,1.0,-1.0
2015-08-11,2706.72,0.0,0.0,-1.0
2015-08-12,2698.91,0.0,-1.0,0.0
2015-08-13,2622.19,0.0,-1.0,0.0
2015-08-14,2684.26,0.0,-1.0,0.0
2015-08-17,2674.02,0.0,-1.0,0.0
2015-08-18,2666.29,0.0,-1.0,0.0
2015-08-19,2504.17,0.0,-1.0,0.0
2015-08-20,2570.69,0.0,-1.0,0.0
2015-08-21,2508.82,0.0,-1.0,0.0
2015-08-24,2341.95,0.0,-1.0,0.0
2015-08-25,2152.61,1.0,-1.0,1.0
2015-08-26,1990.71,0.0,0.0,1.0
2015-08-27,1890.04,0.0,1.0,0.0
2015-08-28,1959.49,0.0,1.0,0.0
2015-08-31,2082.12,0.0,1.0,0.0
2015-09-01,1996.87,0.0,1.0,0.0
2015-09-02,1889.49,0.0,1.0,0.0
2015-09-07,1855.03,0.0,1.0,0.0
2015-09-08,1893.52,0.0,1.0,0.0
2015-09-09,2001.16,0.0,1.0,0.0
2015-09-10,2071.72,0.0,1.0,0.0
2015-09-11,2039.12,0.0,1.0,0.0
2015-09-14,2060.51,-1.0,1.0,-1.0
2015-09-15,1906.21,1.0,0.0,1.0
2015-09-16,1797.56,0.0,1.0,0.0
2015-09-17,1926.25,0.0,1.0,0.0
2015-09-18,1933.3,0.0,1.0,0.0
2015-09-21,1983.3,-1.0,1.0,-1.0
2015-09-22,2079.06,0.0,0.0,-1.0
2015-09-23,2078.72,0.0,-1.0,0.0
2015-09-24,2077.99,0.0,-1.0,0.0
2015-09-25,2106.59,0.0,-1.0,0.0
2015-09-28,2020.97,0.0,-1.0,0.0
2015-09-29,2122.26,0.0,-1.0,0.0
2015-09-30,2098.57,0.0,-1.0,0.0
2015-10-08,2082.67,0.0,-1.0,0.0
2015-10-09,2190.31,0.0,-1.0,0.0
2015-10-12,2216.66,0.0,-1.0,0.0
2015-10-13,2316.78,0.0,-1.0,0.0
2015-10-14,2342.04,0.0,-1.0,0.0
2015-10-15,2305.0,0.0,-1.0,0.0
2015-10-16,2404.53,0.0,-1.0,0.0
2015-10-19,2449.03,0.0,-1.0,0.0
2015-10-20,2433.6,0.0,-1.0,0.0
2015-10-21,2511.16,0.0,-1.0,0.0
2015-10-22,2344.74,0.0,-1.0,0.0
2015-10-23,2458.14,0.0,-1.0,0.0
2015-10-26,2538.38,0.0,-1.0,0.0
2015-10-27,2527.48,0.0,-1.0,0.0
2015-10-28,2563.96,0.0,-1.0,0.0
2015-10-29,2485.24,0.0,-1.0,0.0
2015-10-30,2485.28,0.0,-1.0,0.0
2015-11-02,2478.28,0.0,-1.0,0.0
2015-11-03,2432.04,0.0,-1.0,0.0
2015-11-04,2429.27,0.0,-1.0,0.0
2015-11-05,2584.32,0.0,-1.0,0.0
2015-11-06,2564.72,0.0,-1.0,0.0
2015-11-09,2661.41,0.0,-1.0,0.0
2015-11-10,2724.62,1.0,-1.0,1.0
2015-11-11,2746.61,0.0,0.0,1.0
2015-11-12,2804.68,0.0,1.0,0.0
2015-11-13,2783.3,0.0,1.0,0.0
2015-11-16,2710.16,0.0,1.0,0.0
2015-11-17,2797.16,-1.0,1.0,-1.0
2015-11-18,2717.05,0.0,0.0,-1.0
2015-11-19,2661.17,0.0,-1.0,0.0
2015-11-20,2770.75,0.0,-1.0,0.0
2015-11-23,2800.15,0.0,-1.0,0.0
2015-11-24,2770.58,0.0,-1.0,0.0
2015-11-25,2816.05,0.0,-1.0,0.0
2015-11-26,2897.57,1.0,-1.0,1.0
2015-11-27,2833.2,0.0,0.0,1.0
2015-11-30,2649.55,0.0,1.0,0.0
2015-12-01,2672.58,-1.0,1.0,-1.0
2015-12-02,2655.35,0.0,0.0,-1.0
2015-12-03,2613.26,0.0,-1.0,0.0
2015-12-04,2708.12,0.0,-1.0,0.0
2015-12-07,2692.16,1.0,-1.0,1.0
2015-12-08,2738.15,-1.0,0.0,-1.0
2015-12-09,2691.66,0.0,-1.0,0.0
2015-12-10,2667.91,0.0,-1.0,0.0
2015-12-11,2695.51,0.0,-1.0,0.0
2015-12-14,2671.29,0.0,-1.0,0.0
2015-12-15,2709.27,0.0,-1.0,0.0
2015-12-16,2745.7,0.0,-1.0,0.0
2015-12-17,2763.11,0.0,-1.0,0.0
2015-12-18,2835.7,0.0,-1.0,0.0
2015-12-21,2830.26,0.0,-1.0,0.0
2015-12-22,2829.92,0.0,-1.0,0.0
2015-12-23,2839.85,0.0,-1.0,0.0
2015-12-24,2783.94,0.0,-1.0,0.0
2015-12-25,2795.78,0.0,-1.0,0.0
2015-12-28,2794.73,0.0,-1.0,0.0
2015-12-29,2735.49,0.0,-1.0,0.0
2015-12-30,2749.82,0.0,-1.0,0.0
2015-12-31,2779.51,0.0,-1.0,0.0
2016-01-04,2714.05,0.0,-1.0,0.0
2016-01-05,2491.24,0.0,-1.0,0.0
2016-01-06,2416.73,0.0,-1.0,0.0
2016-01-07,2468.37,0.0,-1.0,0.0
2016-01-08,2256.52,0.0,-1.0,0.0
2016-01-11,2248.99,0.0,-1.0,0.0
2016-01-12,2106.36,0.0,-1.0,0.0
2016-01-13,2147.53,0.0,-1.0,0.0
2016-01-14,2059.78,0.0,-1.0,0.0
2016-01-15,2175.01,1.0,-1.0,1.0
2016-01-18,2112.9,0.0,0.0,1.0
2016-01-19,2174.93,0.0,1.0,0.0
2016-01-20,2241.7,0.0,1.0,0.0
2016-01-21,2204.65,-1.0,1.0,-1.0
2016-01-22,2112.4,0.0,0.0,-1.0
2016-01-25,2149.59,1.0,-1.0,1.0
2016-01-26,2158.82,0.0,0.0,1.0
2016-01-27,1994.05,0.0,1.0,0.0
2016-01-28,1997.47,0.0,1.0,0.0
2016-01-29,1906.46,0.0,1.0,0.0
2016-02-01,1994.07,0.0,1.0,0.0
2016-02-02,1992.7,0.0,1.0,0.0
2016-02-03,2075.29,0.0,1.0,0.0
2016-02-04,2090.51,0.0,1.0,0.0
2016-02-05,2126.64,0.0,1.0,0.0
2016-02-15,2096.99,-1.0,1.0,-1.0
2016-02-16,2116.84,0.0,0.0,-1.0
2016-02-17,2201.93,0.0,-1.0,0.0
2016-02-18,2215.34,0.0,-1.0,0.0
2016-02-19,2190.91,0.0,-1.0,0.0
2016-02-22,2211.01,0.0,-1.0,0.0
2016-02-23,2245.56,0.0,-1.0,0.0
2016-02-24,2218.12,0.0,-1.0,0.0
2016-02-25,2203.74,0.0,-1.0,0.0
2016-02-26,2037.14,0.0,-1.0,0.0
2016-02-29,2014.92,0.0,-1.0,0.0
2016-03-01,1880.15,1.0,-1.0,1.0
2016-03-02,1934.92,0.0,0.0,1.0
2016-03-03,2017.6,0.0,1.0,0.0
2016-03-04,2007.08,0.0,1.0,0.0
2016-03-07,1907.04,0.0,1.0,0.0
2016-03-08,1953.33,0.0,1.0,0.0
2016-03-09,2002.19,0.0,1.0,0.0
2016-03-10,1970.81,0.0,1.0,0.0
2016-03-11,1936.97,0.0,1.0,0.0
2016-03-14,1934.87,-1.0,1.0,-1.0
2016-03-15,2023.13,0.0,0.0,-1.0
2016-03-16,1996.92,0.0,-1.0,0.0
2016-03-17,1977.54,0.0,-1.0,0.0
2016-03-18,2087.29,0.0,-1.0,0.0
2016-03-21,2177.87,0.0,-1.0,0.0
2016-03-22,2227.03,0.0,-1.0,0.0
2016-03-23,2221.7,0.0,-1.0,0.0
2016-03-24,2259.11,0.0,-1.0,0.0
2016-03-25,2219.77,1.0,-1.0,1.0
2016-03-28,2216.09,0.0,0.0,1.0
2016-03-29,2199.69,-1.0,1.0,-1.0
2016-03-30,2152.55,0.0,0.0,-1.0
2016-03-31,2248.78,0.0,-1.0,0.0
2016-04-01,2238.29,1.0,-1.0,1.0
2016-04-05,2205.37,0.0,0.0,1.0
2016-04-06,2279.52,0.0,1.0,0.0
2016-04-07,2297.04,-1.0,1.0,-1.0
2016-04-08,2248.68,0.0,0.0,-1.0
2016-04-11,2229.93,0.0,-1.0,0.0
2016-04-12,2283.14,0.0,-1.0,0.0
2016-04-13,2264.02,0.0,-1.0,0.0
2016-04-14,2294.02,0.0,-1.0,0.0
2016-04-15,2324.39,0.0,-1.0,0.0
2016-04-18,2309.68,0.0,-1.0,0.0
2016-04-19,2265.59,0.0,-1.0,0.0
2016-04-20,2272.52,0.0,-1.0,0.0
2016-04-21,2145.24,0.0,-1.0,0.0
2016-04-22,2110.16,0.0,-1.0,0.0
2016-04-25,2136.92,0.0,-1.0,0.0
2016-04-26,2126.83,0.0,-1.0,0.0
2016-04-27,2155.7,0.0,-1.0,0.0
2016-04-28,2146.61,0.0,-1.0,0.0
2016-04-29,2155.23,0.0,-1.0,0.0
2016-05-03,2138.74,0.0,-1.0,0.0
2016-05-04,2217.23,0.0,-1.0,0.0
2016-05-05,2211.02,0.0,-1.0,0.0
2016-05-06,2224.1,0.0,-1.0,0.0
2016-05-09,2129.19,0.0,-1.0,0.0
2016-05-10,2053.6,0.0,-1.0,0.0
2016-05-11,2054.22,0.0,-1.0,0.0
2016-05-12,2034.93,0.0,-1.0,0.0
2016-05-13,2034.57,0.0,-1.0,0.0
2016-05-16,2025.22,0.0,-1.0,0.0
2016-05-17,2057.86,0.0,-1.0,0.0
2016-05-18,2081.44,0.0,-1.0,0.0
2016-05-19,2020.48,0.0,-1.0,0.0
2016-05-20,2037.4,0.0,-1.0,0.0
2016-05-23,2065.3,0.0,-1.0,0.0
2016-05-24,2098.23,0.0,-1.0,0.0
2016-05-25,2075.51,0.0,-1.0,0.0
2016-05-26,2067.25,0.0,-1.0,0.0
2016-05-27,2086.01,0.0,-1.0,0.0
2016-05-30,2069.89,0.0,-1.0,0.0
2016-05-31,2058.52,0.0,-1.0,0.0
2016-06-01,2159.8,0.0,-1.0,0.0
2016-06-02,2168.82,0.0,-1.0,0.0
2016-06-03,2188.56,0.0,-1.0,0.0
2016-06-06,2204.97,0.0,-1.0,0.0
2016-06-07,2199.3,0.0,-1.0,0.0
2016-06-08,2196.73,0.0,-1.0,0.0
2016-06-13,2186.55,0.0,-1.0,0.0
2016-06-14,2054.71,0.0,-1.0,0.0
2016-06-15,2058.31,0.0,-1.0,0.0
2016-06-16,2128.8,0.0,-1.0,0.0
2016-06-17,2101.42,0.0,-1.0,0.0
2016-06-20,2122.89,0.0,-1.0,0.0
2016-06-21,2119.63,0.0,-1.0,0.0
2016-06-22,2092.0,0.0,-1.0,0.0
2016-06-23,2144.82,0.0,-1.0,0.0
2016-06-24,2137.49,0.0,-1.0,0.0
2016-06-27,2127.37,0.0,-1.0,0.0
2016-06-28,2191.81,0.0,-1.0,0.0
2016-06-29,2216.71,0.0,-1.0,0.0
2016-06-30,2209.79,0.0,-1.0,0.0
2016-07-01,2227.79,0.0,-1.0,0.0
2016-07-04,2211.18,1.0,-1.0,1.0
2016-07-05,2248.71,0.0,0.0,1.0
2016-07-06,2246.03,0.0,1.0,0.0
2016-07-07,2241.56,0.0,1.0,0.0
2016-07-08,2233.92,0.0,1.0,0.0
2016-07-11,2239.0,-1.0,1.0,-1.0
2016-07-12,2218.59,0.0,0.0,-1.0
2016-07-13,2247.36,0.0,-1.0,0.0
2016-07-14,2285.37,0.0,-1.0,0.0
2016-07-15,2293.08,0.0,-1.0,0.0
2016-07-18,2263.78,0.0,-1.0,0.0
2016-07-19,2249.87,0.0,-1.0,0.0
2016-07-20,2273.72,0.0,-1.0,0.0
2016-07-21,2268.54,0.0,-1.0,0.0
2016-07-22,2265.13,0.0,-1.0,0.0
2016-07-25,2250.0,0.0,-1.0,0.0
2016-07-26,2245.89,0.0,-1.0,0.0
2016-07-27,2279.55,0.0,-1.0,0.0
2016-07-28,2155.39,0.0,-1.0,0.0
2016-07-29,2139.74,0.0,-1.0,0.0
2016-08-01,2122.41,0.0,-1.0,0.0
2016-08-02,2099.18,0.0,-1.0,0.0
2016-08-03,2113.21,0.0,-1.0,0.0
2016-08-04,2108.31,0.0,-1.0,0.0
2016-08-05,2129.65,0.0,-1.0,0.0
2016-08-08,2109.06,0.0,-1.0,0.0
2016-08-09,2130.59,0.0,-1.0,0.0
2016-08-10,2154.51,0.0,-1.0,0.0
2016-08-11,2137.0,0.0,-1.0,0.0
2016-08-12,2103.4,0.0,-1.0,0.0
2016-08-15,2123.84,0.0,-1.0,0.0
2016-08-16,2193.21,0.0,-1.0,0.0
2016-08-17,2201.1,1.0,-1.0,1.0
2016-08-18,2208.2,0.0,0.0,1.0
2016-08-19,2201.59,0.0,1.0,0.0
2016-08-22,2204.56,0.0,1.0,0.0
2016-08-23,2167.4,0.0,1.0,0.0
2016-08-24,2174.16,0.0,1.0,0.0
2016-08-25,2192.17,-1.0,1.0,-1.0
2016-08-26,2180.66,1.0,0.0,1.0
2016-08-29,2189.75,0.0,1.0,0.0
2016-08-30,2193.2,-1.0,1.0,-1.0
2016-08-31,2195.53,0.0,0.0,-1.0
2016-09-01,2191.76,0.0,-1.0,0.0
2016-09-02,2181.33,0.0,-1.0,0.0
2016-09-05,2170.86,0.0,-1.0,0.0
2016-09-06,2182.69,0.0,-1.0,0.0
2016-09-07,2222.84,0.0,-1.0,0.0
2016-09-08,2212.05,1.0,-1.0,1.0
2016-09-09,2223.47,0.0,0.0,1.0
2016-09-12,2202.97,0.0,1.0,0.0
2016-09-13,2145.56,0.0,1.0,0.0
2016-09-14,2145.87,0.0,1.0,0.0
2016-09-19,2144.56,0.0,1.0,0.0
2016-09-20,2165.21,0.0,1.0,0.0
2016-09-21,2158.43,0.0,1.0,0.0
2016-09-22,2162.13,0.0,1.0,0.0
2016-09-23,2168.42,-1.0,1.0,-1.0
2016-09-26,2156.51,0.0,0.0,-1.0
2016-09-27,2122.9,1.0,-1.0,1.0
2016-09-28,2140.8,0.0,0.0,1.0
2016-09-29,2139.63,0.0,1.0,0.0
2016-09-30,2146.18,0.0,1.0,0.0
2016-10-10,2149.9,0.0,1.0,0.0
2016-10-11,2208.47,-1.0,1.0,-1.0
2016-10-12,2210.86,0.0,0.0,-1.0
2016-10-13,2209.69,0.0,-1.0,0.0
2016-10-14,2208.57,0.0,-1.0,0.0
2016-10-17,2194.23,0.0,-1.0,0.0
2016-10-18,2167.86,0.0,-1.0,0.0
2016-10-19,2198.14,0.0,-1.0,0.0
2016-10-20,2184.91,0.0,-1.0,0.0
2016-10-21,2193.26,0.0,-1.0,0.0
2016-10-24,2181.0,0.0,-1.0,0.0
2016-10-25,2200.8,0.0,-1.0,0.0
2016-10-26,2200.21,1.0,-1.0,1.0
2016-10-27,2184.49,0.0,0.0,1.0
2016-10-28,2182.48,0.0,1.0,0.0
2016-10-31,2165.43,0.0,1.0,0.0
2016-11-01,2159.76,0.0,1.0,0.0
2016-11-02,2176.45,0.0,1.0,0.0
2016-11-03,2146.4,0.0,1.0,0.0
2016-11-04,2153.18,0.0,1.0,0.0
2016-11-07,2145.23,-1.0,1.0,-1.0
2016-11-08,2130.3,0.0,0.0,-1.0
2016-11-09,2150.3,1.0,-1.0,1.0
2016-11-10,2123.84,-1.0,0.0,-1.0
2016-11-11,2143.32,1.0,-1.0,1.0
2016-11-14,2147.11,0.0,0.0,1.0
2016-11-15,2161.69,0.0,1.0,0.0
2016-11-16,2179.3,0.0,1.0,0.0
2016-11-17,2182.47,-1.0,1.0,-1.0
2016-11-18,2163.04,0.0,0.0,-1.0
2016-11-21,2157.96,1.0,-1.0,1.0
2016-11-22,2152.6,0.0,0.0,1.0
2016-11-23,2177.65,0.0,1.0,0.0
2016-11-24,2165.71,0.0,1.0,0.0
2016-11-25,2146.63,0.0,1.0,0.0
2016-11-28,2167.53,0.0,1.0,0.0
2016-11-29,2166.05,0.0,1.0,0.0
2016-11-30,2160.35,0.0,1.0,0.0
2016-12-01,2183.05,-1.0,1.0,-1.0
2016-12-02,2181.93,1.0,0.0,1.0
2016-12-05,2143.45,0.0,1.0,0.0
2016-12-06,2143.88,0.0,1.0,0.0
2016-12-07,2122.26,0.0,1.0,0.0
2016-12-08,2134.99,0.0,1.0,0.0
2016-12-09,2114.71,0.0,1.0,0.0
2016-12-12,2099.89,0.0,1.0,0.0
2016-12-13,1984.39,0.0,1.0,0.0
2016-12-14,1985.04,-1.0,1.0,-1.0
2016-12-15,1963.08,0.0,0.0,-1.0
2016-12-16,1975.85,0.0,-1.0,0.0
2016-12-19,1998.11,0.0,-1.0,0.0
2016-12-20,1980.41,0.0,-1.0,0.0
2016-12-21,1982.3,0.0,-1.0,0.0
2016-12-22,1991.7,0.0,-1.0,0.0
2016-12-23,1986.27,0.0,-1.0,0.0
2016-12-26,1964.54,0.0,-1.0,0.0
2016-12-27,1974.01,0.0,-1.0,0.0
2016-12-28,1968.62,0.0,-1.0,0.0
2016-12-29,1957.15,1.0,-1.0,1.0
2016-12-30,1959.24,0.0,0.0,1.0
2017-01-03,1962.06,-1.0,1.0,-1.0
2017-01-04,1963.26,0.0,0.0,-1.0
2017-01-05,1991.57,0.0,-1.0,0.0
2017-01-06,1983.97,0.0,-1.0,0.0
2017-01-09,1965.03,0.0,-1.0,0.0
2017-01-10,1961.62,0.0,-1.0,0.0
2017-01-11,1951.68,0.0,-1.0,0.0
2017-01-12,1937.55,0.0,-1.0,0.0
2017-01-13,1930.14,0.0,-1.0,0.0
2017-01-16,1899.94,0.0,-1.0,0.0
2017-01-17,1830.85,1.0,-1.0,1.0
2017-01-18,1867.87,0.0,0.0,1.0
2017-01-19,1845.79,0.0,1.0,0.0
2017-01-20,1844.14,0.0,1.0,0.0
2017-01-23,1880.75,0.0,1.0,0.0
2017-01-24,1887.32,0.0,1.0,0.0
2017-01-25,1861.22,0.0,1.0,0.0
2017-01-26,1870.7,0.0,1.0,0.0
2017-02-03,1886.23,-1.0,1.0,-1.0
2017-02-06,1876.76,1.0,0.0,1.0
2017-02-07,1900.45,0.0,1.0,0.0
2017-02-08,1889.13,0.0,1.0,0.0
2017-02-09,1903.63,0.0,1.0,0.0
2017-02-10,1914.08,0.0,1.0,0.0
2017-02-13,1904.68,-1.0,1.0,-1.0
2017-02-14,1913.68,0.0,0.0,-1.0
2017-02-15,1909.4,0.0,-1.0,0.0
2017-02-16,1892.36,0.0,-1.0,0.0
2017-02-17,1897.63,0.0,-1.0,0.0
2017-02-20,1882.87,0.0,-1.0,0.0
2017-02-21,1894.96,0.0,-1.0,0.0
2017-02-22,1921.08,0.0,-1.0,0.0
2017-02-23,1919.97,0.0,-1.0,0.0
2017-02-24,1925.95,0.0,-1.0,0.0
2017-02-27,1938.44,0.0,-1.0,0.0
2017-02-28,1926.77,0.0,-1.0,0.0
2017-03-01,1927.16,0.0,-1.0,0.0
2017-03-02,1931.97,0.0,-1.0,0.0
2017-03-03,1920.4,1.0,-1.0,1.0
2017-03-06,1928.29,0.0,0.0,1.0
2017-03-07,1962.77,0.0,1.0,0.0
2017-03-08,1977.85,0.0,1.0,0.0
2017-03-09,1964.63,0.0,1.0,0.0
2017-03-10,1953.94,0.0,1.0,0.0
2017-03-13,1950.01,0.0,1.0,0.0
2017-03-14,1970.88,0.0,1.0,0.0
2017-03-15,1958.02,0.0,1.0,0.0
2017-03-16,1957.82,0.0,1.0,0.0
2017-03-17,1966.73,0.0,1.0,0.0
2017-03-20,1949.66,0.0,1.0,0.0
2017-03-21,1953.82,0.0,1.0,0.0
2017-03-22,1961.06,0.0,1.0,0.0
2017-03-23,1948.58,0.0,1.0,0.0
2017-03-24,1948.37,0.0,1.0,0.0
2017-03-27,1965.14,0.0,1.0,0.0
2017-03-28,1947.53,0.0,1.0,0.0
2017-03-29,1944.36,0.0,1.0,0.0
2017-03-30,1929.2,0.0,1.0,0.0
2017-03-31,1893.7,-1.0,1.0,-1.0
2017-04-05,1907.34,0.0,0.0,-1.0
2017-04-06,1943.16,0.0,-1.0,0.0
2017-04-07,1944.23,0.0,-1.0,0.0
2017-04-10,1946.05,0.0,-1.0,0.0
2017-04-11,1912.45,0.0,-1.0,0.0
2017-04-12,1917.63,0.0,-1.0,0.0
2017-04-13,1897.51,0.0,-1.0,0.0
2017-04-14,1910.48,0.0,-1.0,0.0
2017-04-17,1887.46,0.0,-1.0,0.0
2017-04-18,1868.28,0.0,-1.0,0.0
2017-04-19,1848.2,1.0,-1.0,1.0
2017-04-20,1845.38,0.0,0.0,1.0
2017-04-21,1850.39,0.0,1.0,0.0
2017-04-24,1839.01,0.0,1.0,0.0
2017-04-25,1809.91,0.0,1.0,0.0
2017-04-26,1818.87,0.0,1.0,0.0
2017-04-27,1820.48,-1.0,1.0,-1.0
2017-04-28,1842.92,0.0,0.0,-1.0
2017-05-02,1850.73,1.0,-1.0,1.0
2017-05-03,1850.85,-1.0,0.0,-1.0
2017-05-04,1840.45,0.0,-1.0,0.0
2017-05-05,1838.1,0.0,-1.0,0.0
2017-05-08,1818.19,1.0,-1.0,1.0
2017-05-09,1788.71,0.0,0.0,1.0
2017-05-10,1802.49,0.0,1.0,0.0
2017-05-11,1771.32,0.0,1.0,0.0
2017-05-12,1772.41,0.0,1.0,0.0
2017-05-15,1774.63,0.0,1.0,0.0
2017-05-16,1778.64,-1.0,1.0,-1.0
2017-05-17,1814.94,0.0,0.0,-1.0
2017-05-18,1822.64,0.0,-1.0,0.0
2017-05-19,1813.51,0.0,-1.0,0.0
2017-05-22,1801.08,0.0,-1.0,0.0
2017-05-23,1788.08,1.0,-1.0,1.0
2017-05-24,1758.23,0.0,0.0,1.0
2017-05-25,1776.28,0.0,1.0,0.0
2017-05-26,1777.69,0.0,1.0,0.0
2017-05-31,1759.63,0.0,1.0,0.0
2017-06-01,1763.73,0.0,1.0,0.0
2017-06-02,1728.49,0.0,1.0,0.0
2017-06-05,1745.93,0.0,1.0,0.0
2017-06-06,1761.25,0.0,1.0,0.0
2017-06-07,1766.39,0.0,1.0,0.0
2017-06-08,1799.85,0.0,1.0,0.0
2017-06-09,1794.75,0.0,1.0,0.0
2017-06-12,1796.13,-1.0,1.0,-1.0
2017-06-13,1775.55,0.0,0.0,-1.0
2017-06-14,1795.63,0.0,-1.0,0.0
2017-06-15,1790.64,0.0,-1.0,0.0
2017-06-16,1816.26,0.0,-1.0,0.0
2017-06-19,1810.05,0.0,-1.0,0.0
2017-06-20,1816.4,0.0,-1.0,0.0
2017-06-21,1820.98,0.0,-1.0,0.0
2017-06-22,1824.69,0.0,-1.0,0.0
2017-06-23,1798.38,0.0,-1.0,0.0
2017-06-26,1807.43,0.0,-1.0,0.0
2017-06-27,1821.28,0.0,-1.0,0.0
2017-06-28,1819.93,0.0,-1.0,0.0
2017-06-29,1808.2,0.0,-1.0,0.0
2017-06-30,1813.55,0.0,-1.0,0.0
2017-07-03,1818.07,0.0,-1.0,0.0
2017-07-04,1835.99,0.0,-1.0,0.0
2017-07-05,1829.51,0.0,-1.0,0.0
2017-07-06,1836.63,0.0,-1.0,0.0
2017-07-07,1839.0,0.0,-1.0,0.0
2017-07-10,1835.44,0.0,-1.0,0.0
2017-07-11,1803.25,0.0,-1.0,0.0
2017-07-12,1783.91,0.0,-1.0,0.0
2017-07-13,1786.75,0.0,-1.0,0.0
2017-07-14,1778.86,0.0,-1.0,0.0
2017-07-17,1745.57,0.0,-1.0,0.0
2017-07-18,1656.43,0.0,-1.0,0.0
2017-07-19,1667.49,0.0,-1.0,0.0
2017-07-20,1684.77,0.0,-1.0,0.0
2017-07-21,1688.61,0.0,-1.0,0.0
2017-07-24,1690.15,0.0,-1.0,0.0
2017-07-25,1686.44,0.0,-1.0,0.0
2017-07-26,1688.09,0.0,-1.0,0.0
2017-07-27,1681.31,0.0,-1.0,0.0
2017-07-28,1742.19,0.0,-1.0,0.0
2017-07-31,1734.07,0.0,-1.0,0.0
2017-08-01,1736.3,0.0,-1.0,0.0
2017-08-02,1741.07,0.0,-1.0,0.0
2017-08-03,1724.83,0.0,-1.0,0.0
2017-08-04,1733.12,0.0,-1.0,0.0
2017-08-07,1719.62,0.0,-1.0,0.0
2017-08-08,1732.43,0.0,-1.0,0.0
2017-08-09,1762.42,0.0,-1.0,0.0
2017-08-10,1763.05,0.0,-1.0,0.0
2017-08-11,1753.67,0.0,-1.0,0.0
2017-08-14,1742.14,0.0,-1.0,0.0
2017-08-15,1793.48,0.0,-1.0,0.0
2017-08-16,1798.57,0.0,-1.0,0.0
2017-08-17,1825.19,0.0,-1.0,0.0
2017-08-18,1833.4,0.0,-1.0,0.0
2017-08-21,1821.8,0.0,-1.0,0.0
2017-08-22,1829.22,0.0,-1.0,0.0
2017-08-23,1814.92,0.0,-1.0,0.0
2017-08-24,1807.37,1.0,-1.0,1.0
2017-08-25,1795.74,0.0,0.0,1.0
2017-08-28,1812.88,0.0,1.0,0.0
2017-08-29,1842.83,0.0,1.0,0.0
2017-08-30,1831.59,0.0,1.0,0.0
2017-08-31,1838.63,0.0,1.0,0.0
2017-09-01,1849.38,0.0,1.0,0.0
2017-09-04,1865.25,0.0,1.0,0.0
2017-09-05,1883.62,0.0,1.0,0.0
2017-09-06,1885.16,0.0,1.0,0.0
2017-09-07,1902.86,0.0,1.0,0.0
2017-09-08,1890.38,0.0,1.0,0.0
2017-09-11,1885.27,0.0,1.0,0.0
2017-09-12,1896.38,0.0,1.0,0.0
2017-09-13,1884.48,0.0,1.0,0.0
2017-09-14,1888.43,-1.0,1.0,-1.0
2017-09-15,1879.25,0.0,0.0,-1.0
2017-09-18,1875.63,0.0,-1.0,0.0
2017-09-19,1894.8,1.0,-1.0,1.0
2017-09-20,1880.3,0.0,0.0,1.0
2017-09-21,1892.67,0.0,1.0,0.0
2017-09-22,1872.77,0.0,1.0,0.0
2017-09-25,1866.42,0.0,1.0,0.0
2017-09-26,1843.62,0.0,1.0,0.0
2017-09-27,1839.46,0.0,1.0,0.0
2017-09-28,1854.94,0.0,1.0,0.0
2017-09-29,1854.73,0.0,1.0,0.0
2017-10-09,1866.98,0.0,1.0,0.0
2017-10-10,1889.84,0.0,1.0,0.0
2017-10-11,1917.46,-1.0,1.0,-1.0
2017-10-12,1901.55,0.0,0.0,-1.0
2017-10-13,1899.99,0.0,-1.0,0.0
2017-10-16,1926.07,1.0,-1.0,1.0
2017-10-17,1882.69,-1.0,0.0,-1.0
2017-10-18,1876.99,0.0,-1.0,0.0
2017-10-19,1868.16,0.0,-1.0,0.0
2017-10-20,1862.61,0.0,-1.0,0.0
2017-10-23,1880.21,0.0,-1.0,0.0
2017-10-24,1898.76,0.0,-1.0,0.0
2017-10-25,1901.69,0.0,-1.0,0.0
2017-10-26,1913.26,0.0,-1.0,0.0
2017-10-27,1910.72,1.0,-1.0,1.0
2017-10-30,1896.22,0.0,0.0,1.0
2017-10-31,1855.99,-1.0,1.0,-1.0
2017-11-01,1869.79,0.0,0.0,-1.0
2017-11-02,1872.75,1.0,-1.0,1.0
2017-11-03,1847.57,0.0,0.0,1.0
2017-11-06,1832.97,0.0,1.0,0.0
2017-11-07,1850.3,0.0,1.0,0.0
2017-11-08,1859.07,0.0,1.0,0.0
2017-11-09,1866.14,0.0,1.0,0.0
2017-11-10,1884.11,0.0,1.0,0.0
2017-11-13,1900.63,-1.0,1.0,-1.0
2017-11-14,1906.44,1.0,0.0,1.0
2017-11-15,1896.72,0.0,1.0,0.0
2017-11-16,1868.08,0.0,1.0,0.0
2017-11-17,1878.26,-1.0,1.0,-1.0
2017-11-20,1833.9,0.0,0.0,-1.0
2017-11-21,1859.75,0.0,-1.0,0.0
2017-11-22,1856.96,0.0,-1.0,0.0
2017-11-23,1853.38,0.0,-1.0,0.0
2017-11-24,1794.78,0.0,-1.0,0.0
2017-11-27,1782.66,0.0,-1.0,0.0
2017-11-28,1760.9,0.0,-1.0,0.0
2017-11-29,1793.87,0.0,-1.0,0.0
2017-11-30,1787.38,0.0,-1.0,0.0
2017-12-01,1770.3,0.0,-1.0,0.0
2017-12-04,1804.62,0.0,-1.0,0.0
2017-12-05,1797.77,0.0,-1.0,0.0
2017-12-06,1758.59,0.0,-1.0,0.0
2017-12-07,1784.31,0.0,-1.0,0.0
2017-12-08,1776.99,0.0,-1.0,0.0
2017-12-11,1792.16,0.0,-1.0,0.0
2017-12-12,1816.98,0.0,-1.0,0.0
2017-12-13,1798.69,0.0,-1.0,0.0
2017-12-14,1806.09,0.0,-1.0,0.0
2017-12-15,1794.34,0.0,-1.0,0.0
2017-12-18,1783.97,0.0,-1.0,0.0
2017-12-19,1780.64,0.0,-1.0,0.0
2017-12-20,1798.5,0.0,-1.0,0.0
2017-12-21,1782.41,0.0,-1.0,0.0
2017-12-22,1789.74,0.0,-1.0,0.0
2017-12-25,1779.34,0.0,-1.0,0.0
2017-12-26,1755.81,0.0,-1.0,0.0
2017-12-27,1758.82,0.0,-1.0,0.0
2017-12-28,1745.24,0.0,-1.0,0.0
2017-12-29,1745.02,0.0,-1.0,0.0
2018-01-02,1752.65,0.0,-1.0,0.0
2018-01-03,1769.67,0.0,-1.0,0.0
2018-01-04,1795.38,1.0,-1.0,1.0
2018-01-05,1794.61,-1.0,0.0,-1.0
2018-01-08,1801.42,0.0,-1.0,0.0
2018-01-09,1806.16,0.0,-1.0,0.0
2018-01-10,1803.59,0.0,-1.0,0.0
2018-01-11,1791.08,0.0,-1.0,0.0
2018-01-12,1804.23,0.0,-1.0,0.0
2018-01-15,1785.71,0.0,-1.0,0.0
2018-01-16,1732.62,1.0,-1.0,1.0
2018-01-17,1729.6,0.0,0.0,1.0
2018-01-18,1742.03,-1.0,1.0,-1.0
2018-01-19,1738.0,0.0,0.0,-1.0
2018-01-22,1728.14,0.0,-1.0,0.0
2018-01-23,1768.21,0.0,-1.0,0.0
2018-01-24,1767.83,0.0,-1.0,0.0
2018-01-25,1813.28,0.0,-1.0,0.0
2018-01-26,1810.83,1.0,-1.0,1.0
2018-01-29,1816.8,0.0,0.0,1.0
2018-01-30,1799.77,0.0,1.0,0.0
2018-01-31,1782.4,0.0,1.0,0.0
2018-02-01,1735.06,0.0,1.0,0.0
2018-02-02,1697.39,0.0,1.0,0.0
2018-02-05,1702.43,0.0,1.0,0.0
2018-02-06,1688.27,0.0,1.0,0.0
2018-02-07,1598.12,0.0,1.0,0.0
2018-02-08,1616.4,0.0,1.0,0.0
2018-02-09,1641.43,0.0,1.0,0.0
2018-02-12,1592.51,0.0,1.0,0.0
2018-02-13,1648.07,0.0,1.0,0.0
2018-02-14,1648.58,0.0,1.0,0.0
2018-02-22,1646.77,0.0,1.0,0.0
2018-02-23,1677.76,0.0,1.0,0.0
2018-02-26,1668.83,0.0,1.0,0.0
2018-02-27,1729.15,0.0,1.0,0.0
2018-02-28,1743.54,0.0,1.0,0.0
2018-03-01,1753.63,0.0,1.0,0.0
2018-03-02,1789.85,-1.0,1.0,-1.0
2018-03-05,1772.01,0.0,0.0,-1.0
2018-03-06,1795.69,0.0,-1.0,0.0
2018-03-07,1797.61,0.0,-1.0,0.0
2018-03-08,1785.27,0.0,-1.0,0.0
2018-03-09,1793.22,0.0,-1.0,0.0
2018-03-12,1856.46,0.0,-1.0,0.0
2018-03-13,1882.41,0.0,-1.0,0.0
2018-03-14,1872.68,0.0,-1.0,0.0
2018-03-15,1841.29,0.0,-1.0,0.0
2018-03-16,1848.71,0.0,-1.0,0.0
2018-03-19,1821.32,0.0,-1.0,0.0
2018-03-20,1842.92,0.0,-1.0,0.0
2018-03-21,1864.62,0.0,-1.0,0.0
2018-03-22,1829.91,0.0,-1.0,0.0
2018-03-23,1817.23,0.0,-1.0,0.0
2018-03-26,1726.02,0.0,-1.0,0.0
2018-03-27,1780.61,0.0,-1.0,0.0
2018-03-28,1844.69,0.0,-1.0,0.0
2018-03-29,1835.15,0.0,-1.0,0.0
2018-03-30,1842.19,0.0,-1.0,0.0
2018-04-02,1900.48,0.0,-1.0,0.0
2018-04-03,1900.25,1.0,-1.0,1.0
2018-04-04,1872.47,0.0,0.0,1.0
2018-04-09,1836.81,0.0,1.0,0.0
2018-04-10,1841.65,0.0,1.0,0.0
2018-04-11,1835.52,0.0,1.0,0.0
2018-04-12,1834.63,0.0,1.0,0.0
2018-04-13,1826.89,0.0,1.0,0.0
2018-04-16,1824.59,0.0,1.0,0.0
2018-04-17,1838.71,0.0,1.0,0.0
2018-04-18,1783.74,-1.0,1.0,-1.0
2018-04-19,1822.26,0.0,0.0,-1.0
2018-04-20,1820.28,0.0,-1.0,0.0
2018-04-23,1782.81,0.0,-1.0,0.0
2018-04-24,1753.05,0.0,-1.0,0.0
2018-04-25,1806.86,0.0,-1.0,0.0
2018-04-26,1819.41,1.0,-1.0,1.0
2018-04-27,1781.28,0.0,0.0,1.0
2018-05-02,1805.6,-1.0,1.0,-1.0
2018-05-03,1801.57,0.0,0.0,-1.0
2018-05-04,1826.79,0.0,-1.0,0.0
2018-05-07,1814.85,0.0,-1.0,0.0
2018-05-08,1852.34,0.0,-1.0,0.0
2018-05-09,1856.87,0.0,-1.0,0.0
2018-05-10,1855.81,0.0,-1.0,0.0
2018-05-11,1865.36,0.0,-1.0,0.0
2018-05-14,1834.78,0.0,-1.0,0.0
2018-05-15,1830.98,0.0,-1.0,0.0
2018-05-16,1858.01,0.0,-1.0,0.0
2018-05-17,1846.67,0.0,-1.0,0.0
2018-05-18,1831.2,0.0,-1.0,0.0
2018-05-21,1836.75,0.0,-1.0,0.0
2018-05-22,1862.48,0.0,-1.0,0.0
2018-05-23,1876.0,0.0,-1.0,0.0
2018-05-24,1845.97,0.0,-1.0,0.0
2018-05-25,1838.4,0.0,-1.0,0.0
2018-05-28,1804.55,0.0,-1.0,0.0
2018-05-29,1796.91,0.0,-1.0,0.0
2018-05-30,1773.65,0.0,-1.0,0.0
2018-05-31,1726.22,0.0,-1.0,0.0
2018-06-01,1743.74,0.0,-1.0,0.0
2018-06-04,1709.55,0.0,-1.0,0.0
2018-06-05,1702.93,0.0,-1.0,0.0
2018-06-06,1746.11,0.0,-1.0,0.0
2018-06-07,1743.25,0.0,-1.0,0.0
2018-06-08,1730.38,0.0,-1.0,0.0
2018-06-11,1711.52,0.0,-1.0,0.0
2018-06-12,1688.62,0.0,-1.0,0.0
2018-06-13,1712.77,0.0,-1.0,0.0
2018-06-14,1685.89,0.0,-1.0,0.0
2018-06-15,1673.32,0.0,-1.0,0.0
2018-06-19,1641.66,1.0,-1.0,1.0
2018-06-20,1547.15,0.0,0.0,1.0
2018-06-21,1563.79,0.0,1.0,0.0
2018-06-22,1521.68,0.0,1.0,0.0
2018-06-25,1549.66,0.0,1.0,0.0
2018-06-26,1538.57,0.0,1.0,0.0
2018-06-27,1564.92,0.0,1.0,0.0
2018-06-28,1546.23,0.0,1.0,0.0
2018-06-29,1543.66,0.0,1.0,0.0
2018-07-02,1606.71,0.0,1.0,0.0
2018-07-03,1588.37,0.0,1.0,0.0
2018-07-04,1607.12,0.0,1.0,0.0
2018-07-05,1565.61,-1.0,1.0,-1.0
2018-07-06,1532.68,1.0,0.0,1.0
2018-07-09,1541.31,0.0,1.0,0.0
2018-07-10,1581.93,-1.0,1.0,-1.0
2018-07-11,1592.98,0.0,0.0,-1.0
2018-07-12,1563.01,0.0,-1.0,0.0
2018-07-13,1614.63,0.0,-1.0,0.0
2018-07-16,1618.46,0.0,-1.0,0.0
2018-07-17,1616.91,0.0,-1.0,0.0
2018-07-18,1621.63,1.0,-1.0,1.0
2018-07-19,1607.88,0.0,0.0,1.0
2018-07-20,1590.06,0.0,1.0,0.0
2018-07-23,1609.55,-1.0,1.0,-1.0
2018-07-24,1620.97,0.0,0.0,-1.0
2018-07-25,1629.61,1.0,-1.0,1.0
2018-07-26,1632.32,-1.0,0.0,-1.0
2018-07-27,1606.12,1.0,-1.0,1.0
2018-07-30,1594.57,0.0,0.0,1.0
2018-07-31,1559.64,0.0,1.0,0.0
2018-08-01,1561.26,0.0,1.0,0.0
2018-08-02,1541.86,0.0,1.0,0.0
2018-08-03,1510.09,0.0,1.0,0.0
2018-08-06,1481.61,0.0,1.0,0.0
2018-08-07,1440.8,0.0,1.0,0.0
2018-08-08,1479.44,0.0,1.0,0.0
2018-08-09,1447.76,0.0,1.0,0.0
2018-08-10,1497.61,0.0,1.0,0.0
2018-08-13,1511.71,0.0,1.0,0.0
2018-08-14,1531.34,0.0,1.0,0.0
2018-08-15,1518.49,0.0,1.0,0.0
2018-08-16,1478.51,0.0,1.0,0.0
2018-08-17,1463.87,0.0,1.0,0.0
2018-08-20,1434.31,0.0,1.0,0.0
2018-08-21,1435.69,-1.0,1.0,-1.0
2018-08-22,1456.97,0.0,0.0,-1.0
2018-08-23,1439.55,0.0,-1.0,0.0
2018-08-24,1455.5,0.0,-1.0,0.0
2018-08-27,1450.09,0.0,-1.0,0.0
2018-08-28,1493.43,0.0,-1.0,0.0
2018-08-29,1493.11,0.0,-1.0,0.0
2018-08-30,1481.19,0.0,-1.0,0.0
2018-08-31,1457.92,0.0,-1.0,0.0
2018-09-03,1435.2,1.0,-1.0,1.0
2018-09-04,1443.69,0.0,0.0,1.0
2018-09-05,1455.5,0.0,1.0,0.0
2018-09-06,1430.24,0.0,1.0,0.0
2018-09-07,1422.87,-1.0,1.0,-1.0
2018-09-10,1425.23,0.0,0.0,-1.0
2018-09-11,1390.82,0.0,-1.0,0.0
2018-09-12,1395.17,1.0,-1.0,1.0
2018-09-13,1385.8,0.0,0.0,1.0
2018-09-14,1391.28,-1.0,1.0,-1.0
2018-09-17,1366.57,1.0,0.0,1.0
2018-09-18,1349.78,0.0,1.0,0.0
2018-09-19,1377.3,0.0,1.0,0.0
2018-09-20,1392.4,0.0,1.0,0.0
2018-09-21,1387.62,0.0,1.0,0.0
2018-09-25,1411.12,0.0,1.0,0.0
2018-09-26,1405.81,0.0,1.0,0.0
2018-09-27,1420.75,0.0,1.0,0.0
2018-09-28,1400.36,0.0,1.0,0.0
2018-10-08,1411.34,0.0,1.0,0.0
2018-10-09,1353.67,-1.0,1.0,-1.0
2018-10-10,1345.95,0.0,0.0,-1.0
2018-10-11,1346.7,0.0,-1.0,0.0
2018-10-12,1261.88,0.0,-1.0,0.0
2018-10-15,1268.41,1.0,-1.0,1.0
2018-10-16,1250.22,0.0,0.0,1.0
2018-10-17,1216.69,-1.0,1.0,-1.0
2018-10-18,1231.86,0.0,0.0,-1.0
2018-10-19,1205.03,0.0,-1.0,0.0
2018-10-22,1249.89,0.0,-1.0,0.0
2018-10-23,1314.94,0.0,-1.0,0.0
2018-10-24,1292.06,0.0,-1.0,0.0
2018-10-25,1284.1,0.0,-1.0,0.0
2018-10-26,1273.6,0.0,-1.0,0.0
2018-10-29,1263.19,0.0,-1.0,0.0
2018-10-30,1250.48,0.0,-1.0,0.0
2018-10-31,1259.95,0.0,-1.0,0.0
2018-11-01,1275.57,0.0,-1.0,0.0
2018-11-02,1286.33,0.0,-1.0,0.0
2018-11-05,1348.28,0.0,-1.0,0.0
2018-11-06,1348.88,0.0,-1.0,0.0
2018-11-07,1349.11,0.0,-1.0,0.0
2018-11-08,1345.77,0.0,-1.0,0.0
2018-11-09,1329.59,0.0,-1.0,0.0
2018-11-12,1322.83,0.0,-1.0,0.0
2018-11-13,1368.79,0.0,-1.0,0.0
2018-11-14,1392.05,1.0,-1.0,1.0
2018-11-15,1385.73,0.0,0.0,1.0
2018-11-16,1405.25,-1.0,1.0,-1.0
2018-11-19,1403.28,0.0,0.0,-1.0
2018-11-20,1394.4,0.0,-1.0,0.0
2018-11-21,1355.33,0.0,-1.0,0.0
2018-11-22,1363.03,0.0,-1.0,0.0
2018-11-23,1353.92,0.0,-1.0,0.0
2018-11-26,1308.74,0.0,-1.0,0.0
2018-11-27,1304.56,0.0,-1.0,0.0
2018-11-28,1315.43,0.0,-1.0,0.0
2018-11-29,1341.08,0.0,-1.0,0.0
2018-11-30,1312.72,0.0,-1.0,0.0
2018-12-03,1329.39,0.0,-1.0,0.0
2018-12-04,1372.79,0.0,-1.0,0.0
2018-12-05,1378.75,0.0,-1.0,0.0
2018-12-06,1381.77,0.0,-1.0,0.0
2018-12-07,1345.76,0.0,-1.0,0.0
2018-12-10,1341.02,0.0,-1.0,0.0
2018-12-11,1326.85,0.0,-1.0,0.0
2018-12-12,1338.08,0.0,-1.0,0.0
2018-12-13,1338.73,0.0,-1.0,0.0
2018-12-14,1348.5,0.0,-1.0,0.0
2018-12-17,1310.46,0.0,-1.0,0.0
2018-12-18,1299.17,0.0,-1.0,0.0
2018-12-19,1293.34,0.0,-1.0,0.0
2018-12-20,1268.81,0.0,-1.0,0.0
2018-12-21,1278.16,0.0,-1.0,0.0
2018-12-24,1270.3,0.0,-1.0,0.0
2018-12-25,1284.33,1.0,-1.0,1.0
2018-12-26,1273.45,-1.0,0.0,-1.0
2018-12-27,1264.07,0.0,-1.0,0.0
2018-12-28,1248.08,0.0,-1.0,0.0
2019-01-02,1250.53,0.0,-1.0,0.0
2019-01-03,1228.77,1.0,-1.0,1.0
2019-01-04,1214.5,0.0,0.0,1.0
2019-01-07,1245.16,-1.0,1.0,-1.0
2019-01-08,1268.06,0.0,0.0,-1.0
2019-01-09,1263.51,0.0,-1.0,0.0
2019-01-10,1262.52,1.0,-1.0,1.0
2019-01-11,1258.99,0.0,0.0,1.0
2019-01-14,1261.56,0.0,1.0,0.0
2019-01-15,1246.0,0.0,1.0,0.0
2019-01-16,1266.27,0.0,1.0,0.0
2019-01-17,1267.3,-1.0,1.0,-1.0
2019-01-18,1251.41,0.0,0.0,-1.0
2019-01-21,1269.5,0.0,-1.0,0.0
2019-01-22,1274.79,0.0,-1.0,0.0
2019-01-23,1252.24,0.0,-1.0,0.0
2019-01-24,1251.13,0.0,-1.0,0.0
2019-01-25,1265.16,1.0,-1.0,1.0
2019-01-28,1265.49,0.0,0.0,1.0
2019-01-29,1259.74,0.0,1.0,0.0
2019-01-30,1243.59,-1.0,1.0,-1.0
2019-01-31,1230.82,0.0,0.0,-1.0
2019-02-01,1227.99,1.0,-1.0,1.0
2019-02-11,1271.27,0.0,0.0,1.0
2019-02-12,1316.1,-1.0,1.0,-1.0
2019-02-13,1332.27,1.0,0.0,1.0
2019-02-14,1357.67,0.0,1.0,0.0
2019-02-15,1361.94,0.0,1.0,0.0
2019-02-18,1357.84,-1.0,1.0,-1.0
2019-02-19,1413.6,0.0,0.0,-1.0
2019-02-20,1406.04,0.0,-1.0,0.0
2019-02-21,1408.38,0.0,-1.0,0.0
2019-02-22,1412.54,0.0,-1.0,0.0
2019-02-25,1456.3,1.0,-1.0,1.0
2019-02-26,1536.37,0.0,0.0,1.0
2019-02-27,1546.99,0.0,1.0,0.0
2019-02-28,1520.42,0.0,1.0,0.0
2019-03-01,1535.68,0.0,1.0,0.0
2019-03-04,1567.87,0.0,1.0,0.0
2019-03-05,1619.71,0.0,1.0,0.0
2019-03-06,1676.57,0.0,1.0,0.0
2019-03-07,1700.5,0.0,1.0,0.0
2019-03-08,1692.42,0.0,1.0,0.0
2019-03-11,1654.49,0.0,1.0,0.0
2019-03-12,1727.8,0.0,1.0,0.0
2019-03-13,1773.43,0.0,1.0,0.0
2019-03-14,1693.86,0.0,1.0,0.0
2019-03-15,1650.19,0.0,1.0,0.0
2019-03-18,1662.62,0.0,1.0,0.0
2019-03-19,1707.06,0.0,1.0,0.0
2019-03-20,1708.87,0.0,1.0,0.0
2019-03-21,1687.9,0.0,1.0,0.0
2019-03-22,1703.85,-1.0,1.0,-1.0
2019-03-25,1693.87,0.0,0.0,-1.0
2019-03-26,1668.84,0.0,-1.0,0.0
2019-03-27,1630.19,0.0,-1.0,0.0
2019-03-28,1637.77,0.0,-1.0,0.0
2019-03-29,1626.82,0.0,-1.0,0.0
2019-04-01,1693.55,1.0,-1.0,1.0
2019-04-02,1760.89,0.0,0.0,1.0
2019-04-03,1754.16,0.0,1.0,0.0
2019-04-04,1768.18,0.0,1.0,0.0
2019-04-08,1777.26,0.0,1.0,0.0
2019-04-09,1739.66,0.0,1.0,0.0
2019-04-10,1741.17,0.0,1.0,0.0
2019-04-11,1726.64,-1.0,1.0,-1.0
2019-04-12,1691.1,0.0,0.0,-1.0
2019-04-15,1695.73,0.0,-1.0,0.0
2019-04-16,1666.9,0.0,-1.0,0.0
2019-04-17,1697.53,1.0,-1.0,1.0
2019-04-18,1717.44,-1.0,0.0,-1.0
2019-04-19,1704.55,0.0,-1.0,0.0
2019-04-22,1715.8,0.0,-1.0,0.0
2019-04-23,1697.51,0.0,-1.0,0.0
2019-04-24,1683.8,0.0,-1.0,0.0
2019-04-25,1718.85,0.0,-1.0,0.0
2019-04-26,1669.98,0.0,-1.0,0.0
2019-04-29,1657.82,0.0,-1.0,0.0
2019-04-30,1615.62,0.0,-1.0,0.0
2019-05-06,1623.78,0.0,-1.0,0.0
2019-05-07,1494.89,0.0,-1.0,0.0
2019-05-08,1504.16,0.0,-1.0,0.0
2019-05-09,1481.87,0.0,-1.0,0.0
2019-05-10,1469.48,0.0,-1.0,0.0
2019-05-13,1533.87,0.0,-1.0,0.0
2019-05-14,1503.06,0.0,-1.0,0.0
2019-05-15,1494.6,0.0,-1.0,0.0
2019-05-16,1528.69,0.0,-1.0,0.0
2019-05-17,1533.67,0.0,-1.0,0.0
2019-05-20,1478.75,0.0,-1.0,0.0
2019-05-21,1469.31,0.0,-1.0,0.0
2019-05-22,1493.72,0.0,-1.0,0.0
2019-05-23,1488.63,0.0,-1.0,0.0
2019-05-24,1451.24,0.0,-1.0,0.0
2019-05-27,1443.75,0.0,-1.0,0.0
2019-05-28,1491.95,0.0,-1.0,0.0
2019-05-29,1505.16,0.0,-1.0,0.0
2019-05-30,1497.89,0.0,-1.0,0.0
2019-05-31,1485.24,0.0,-1.0,0.0
2019-06-03,1483.66,0.0,-1.0,0.0
2019-06-04,1468.98,0.0,-1.0,0.0
2019-06-05,1456.27,0.0,-1.0,0.0
2019-06-06,1451.18,0.0,-1.0,0.0
2019-06-10,1416.06,0.0,-1.0,0.0
2019-06-11,1431.34,0.0,-1.0,0.0
2019-06-12,1487.35,0.0,-1.0,0.0
2019-06-13,1473.9,0.0,-1.0,0.0
2019-06-14,1479.83,0.0,-1.0,0.0
2019-06-17,1453.96,0.0,-1.0,0.0
2019-06-18,1442.35,0.0,-1.0,0.0
2019-06-19,1455.75,0.0,-1.0,0.0
2019-06-20,1469.99,0.0,-1.0,0.0
2019-06-21,1498.01,0.0,-1.0,0.0
2019-06-24,1523.81,0.0,-1.0,0.0
2019-06-25,1514.46,0.0,-1.0,0.0
2019-06-26,1498.47,0.0,-1.0,0.0
2019-06-27,1504.55,0.0,-1.0,0.0
2019-06-28,1525.24,0.0,-1.0,0.0
2019-07-01,1511.51,0.0,-1.0,0.0
2019-07-02,1568.16,1.0,-1.0,1.0
2019-07-03,1570.51,0.0,0.0,1.0
2019-07-04,1544.36,0.0,1.0,0.0
2019-07-05,1532.74,0.0,1.0,0.0
2019-07-08,1547.74,0.0,1.0,0.0
2019-07-09,1506.66,0.0,1.0,0.0
2019-07-10,1517.79,0.0,1.0,0.0
2019-07-11,1510.43,0.0,1.0,0.0
2019-07-12,1514.2,0.0,1.0,0.0
2019-07-15,1518.07,0.0,1.0,0.0
2019-07-16,1547.47,0.0,1.0,0.0
2019-07-17,1545.27,0.0,1.0,0.0
2019-07-18,1550.22,0.0,1.0,0.0
2019-07-19,1524.48,0.0,1.0,0.0
2019-07-22,1541.98,0.0,1.0,0.0
2019-07-23,1515.97,-1.0,1.0,-1.0
2019-07-24,1534.93,0.0,0.0,-1.0
2019-07-25,1553.72,1.0,-1.0,1.0
2019-07-26,1566.08,0.0,0.0,1.0
2019-07-29,1561.86,0.0,1.0,0.0
2019-07-30,1566.52,0.0,1.0,0.0
2019-07-31,1580.13,0.0,1.0,0.0
2019-08-01,1570.39,0.0,1.0,0.0
2019-08-02,1573.87,0.0,1.0,0.0
2019-08-05,1556.74,0.0,1.0,0.0
2019-08-06,1531.37,0.0,1.0,0.0
2019-08-07,1507.91,0.0,1.0,0.0
2019-08-08,1500.25,0.0,1.0,0.0
2019-08-09,1522.97,0.0,1.0,0.0
2019-08-12,1507.71,0.0,1.0,0.0
2019-08-13,1539.91,0.0,1.0,0.0
2019-08-14,1524.36,0.0,1.0,0.0
2019-08-15,1536.66,0.0,1.0,0.0
2019-08-16,1555.77,0.0,1.0,0.0
2019-08-19,1567.99,-1.0,1.0,-1.0
2019-08-20,1622.84,1.0,0.0,1.0
2019-08-21,1611.59,0.0,1.0,0.0
2019-08-22,1609.83,-1.0,1.0,-1.0
2019-08-23,1613.46,0.0,0.0,-1.0
2019-08-26,1615.56,0.0,-1.0,0.0
2019-08-27,1600.8,0.0,-1.0,0.0
2019-08-28,1628.12,0.0,-1.0,0.0
2019-08-29,1625.19,0.0,-1.0,0.0
2019-08-30,1620.86,0.0,-1.0,0.0
2019-09-02,1610.9,0.0,-1.0,0.0
2019-09-03,1652.29,0.0,-1.0,0.0
2019-09-04,1660.43,1.0,-1.0,1.0
2019-09-05,1669.41,0.0,0.0,1.0
2019-09-06,1689.05,0.0,1.0,0.0
2019-09-09,1692.24,0.0,1.0,0.0
2019-09-10,1733.23,0.0,1.0,0.0
2019-09-11,1725.31,0.0,1.0,0.0
2019-09-12,1703.54,0.0,1.0,0.0
2019-09-16,1710.57,-1.0,1.0,-1.0
2019-09-17,1714.37,0.0,0.0,-1.0
2019-09-18,1677.99,0.0,-1.0,0.0
2019-09-19,1679.31,0.0,-1.0,0.0
2019-09-20,1705.6,0.0,-1.0,0.0
2019-09-23,1705.05,1.0,-1.0,1.0
2019-09-24,1684.32,0.0,0.0,1.0
2019-09-25,1694.6,0.0,1.0,0.0
2019-09-26,1672.65,0.0,1.0,0.0
2019-09-27,1623.79,-1.0,1.0,-1.0
2019-09-30,1647.53,0.0,0.0,-1.0
2019-10-08,1627.55,0.0,-1.0,0.0
2019-10-09,1616.58,0.0,-1.0,0.0
2019-10-10,1622.42,0.0,-1.0,0.0
2019-10-11,1666.97,1.0,-1.0,1.0
2019-10-14,1666.83,0.0,0.0,1.0
2019-10-15,1679.38,-1.0,1.0,-1.0
2019-10-16,1660.89,0.0,0.0,-1.0
2019-10-17,1656.37,0.0,-1.0,0.0
2019-10-18,1658.26,0.0,-1.0,0.0
2019-10-21,1648.63,0.0,-1.0,0.0
2019-10-22,1644.51,0.0,-1.0,0.0
2019-10-23,1666.87,0.0,-1.0,0.0
2019-10-24,1650.29,0.0,-1.0,0.0
2019-10-25,1653.86,0.0,-1.0,0.0
2019-10-28,1675.34,0.0,-1.0,0.0
2019-10-29,1704.42,0.0,-1.0,0.0
2019-10-30,1686.58,0.0,-1.0,0.0
2019-10-31,1684.08,0.0,-1.0,0.0
2019-11-01,1671.31,0.0,-1.0,0.0
2019-11-04,1687.0,0.0,-1.0,0.0
2019-11-05,1699.92,0.0,-1.0,0.0
2019-11-06,1713.29,1.0,-1.0,1.0
2019-11-07,1703.02,0.0,0.0,1.0
2019-11-08,1715.58,0.0,1.0,0.0
2019-11-11,1711.22,0.0,1.0,0.0
2019-11-12,1673.13,0.0,1.0,0.0
2019-11-13,1671.44,-1.0,1.0,-1.0
2019-11-14,1681.79,1.0,0.0,1.0
2019-11-15,1692.58,0.0,1.0,0.0
2019-11-18,1674.78,0.0,1.0,0.0
2019-11-19,1682.49,0.0,1.0,0.0
2019-11-20,1729.08,0.0,1.0,0.0
2019-11-21,1719.66,0.0,1.0,0.0
2019-11-22,1713.2,0.0,1.0,0.0
2019-11-25,1679.8,0.0,1.0,0.0
2019-11-26,1661.77,0.0,1.0,0.0
2019-11-27,1679.08,-1.0,1.0,-1.0
2019-11-28,1674.39,0.0,0.0,-1.0
2019-11-29,1673.79,0.0,-1.0,0.0
2019-12-02,1664.9,0.0,-1.0,0.0
2019-12-03,1669.54,0.0,-1.0,0.0
2019-12-04,1675.39,0.0,-1.0,0.0
2019-12-05,1673.78,0.0,-1.0,0.0
2019-12-06,1709.83,1.0,-1.0,1.0
2019-12-09,1726.8,0.0,0.0,1.0
2019-12-10,1721.07,-1.0,1.0,-1.0
2019-12-11,1734.02,0.0,0.0,-1.0
2019-12-12,1718.26,0.0,-1.0,0.0
2019-12-13,1720.99,0.0,-1.0,0.0
2019-12-16,1755.41,0.0,-1.0,0.0
2019-12-17,1780.33,0.0,-1.0,0.0
2019-12-18,1801.62,0.0,-1.0,0.0
2019-12-19,1792.42,0.0,-1.0,0.0
2019-12-20,1790.44,0.0,-1.0,0.0
2019-12-23,1771.71,0.0,-1.0,0.0
2019-12-24,1736.62,0.0,-1.0,0.0
2019-12-25,1769.87,0.0,-1.0,0.0
2019-12-26,1784.39,0.0,-1.0,0.0
2019-12-27,1793.64,1.0,-1.0,1.0
2019-12-30,1767.58,0.0,0.0,1.0
2019-12-31,1790.24,-1.0,1.0,-1.0
2020-01-02,1798.12,0.0,0.0,-1.0
2020-01-03,1832.74,0.0,-1.0,0.0
2020-01-06,1836.01,0.0,-1.0,0.0
2020-01-07,1859.92,0.0,-1.0,0.0
2020-01-08,1893.21,0.0,-1.0,0.0
2020-01-09,1862.7,0.0,-1.0,0.0
2020-01-10,1913.14,0.0,-1.0,0.0
2020-01-13,1904.19,0.0,-1.0,0.0
2020-01-14,1935.07,1.0,-1.0,1.0
2020-01-15,1922.56,0.0,0.0,1.0
2020-01-16,1924.24,-1.0,1.0,-1.0
2020-01-17,1929.96,1.0,0.0,1.0
2020-01-20,1932.51,0.0,1.0,0.0
2020-01-21,1982.18,0.0,1.0,0.0
2020-01-22,1967.03,0.0,1.0,0.0
2020-01-23,1993.9,0.0,1.0,0.0
2020-02-03,1927.74,0.0,1.0,0.0
2020-02-04,1795.77,0.0,1.0,0.0
2020-02-05,1882.69,0.0,1.0,0.0
2020-02-06,1939.62,-1.0,1.0,-1.0
2020-02-07,2012.25,0.0,0.0,-1.0
2020-02-10,2015.8,0.0,-1.0,0.0
2020-02-11,2042.18,0.0,-1.0,0.0
2020-02-12,2028.44,0.0,-1.0,0.0
2020-02-13,2085.28,0.0,-1.0,0.0
2020-02-14,2064.6,1.0,-1.0,1.0
2020-02-17,2069.22,0.0,0.0,1.0
2020-02-18,2146.18,0.0,1.0,0.0
2020-02-19,2170.95,0.0,1.0,0.0
2020-02-20,2139.44,0.0,1.0,0.0
2020-02-21,2186.74,0.0,1.0,0.0
2020-02-24,2226.64,0.0,1.0,0.0
2020-02-25,2263.97,0.0,1.0,0.0
2020-02-26,2287.31,0.0,1.0,0.0
2020-02-27,2180.7,0.0,1.0,0.0
2020-02-28,2196.71,-1.0,1.0,-1.0
2020-03-02,2071.57,0.0,0.0,-1.0
2020-03-03,2135.42,0.0,-1.0,0.0
2020-03-04,2173.35,0.0,-1.0,0.0
2020-03-05,2169.44,0.0,-1.0,0.0
2020-03-06,2209.59,0.0,-1.0,0.0
2020-03-09,2192.94,0.0,-1.0,0.0
2020-03-10,2093.06,0.0,-1.0,0.0
2020-03-11,2148.81,0.0,-1.0,0.0
2020-03-12,2101.46,0.0,-1.0,0.0
2020-03-13,2045.93,0.0,-1.0,0.0
2020-03-16,2030.58,0.0,-1.0,0.0
2020-03-17,1910.77,0.0,-1.0,0.0
2020-03-18,1917.7,0.0,-1.0,0.0
2020-03-19,1887.04,0.0,-1.0,0.0
2020-03-20,1894.94,0.0,-1.0,0.0
2020-03-23,1915.05,0.0,-1.0,0.0
2020-03-24,1827.05,0.0,-1.0,0.0
2020-03-25,1876.91,0.0,-1.0,0.0
2020-03-26,1937.85,0.0,-1.0,0.0
2020-03-27,1927.28,0.0,-1.0,0.0
2020-03-30,1903.88,0.0,-1.0,0.0
2020-03-31,1860.48,0.0,-1.0,0.0
2020-04-01,1871.92,0.0,-1.0,0.0
2020-04-02,1864.8,0.0,-1.0,0.0
2020-04-03,1916.95,0.0,-1.0,0.0
2020-04-07,1906.67,0.0,-1.0,0.0
2020-04-08,1969.78,0.0,-1.0,0.0
2020-04-09,1964.76,0.0,-1.0,0.0
2020-04-10,1997.14,0.0,-1.0,0.0
2020-04-13,1949.88,0.0,-1.0,0.0
2020-04-14,1923.08,1.0,-1.0,1.0
2020-04-15,1985.43,0.0,0.0,1.0
2020-04-16,1977.51,-1.0,1.0,-1.0
2020-04-17,2008.39,0.0,0.0,-1.0
2020-04-20,2020.77,0.0,-1.0,0.0
2020-04-21,2043.44,0.0,-1.0,0.0
2020-04-22,2023.94,0.0,-1.0,0.0
2020-04-23,2043.17,1.0,-1.0,1.0
2020-04-24,2029.52,0.0,0.0,1.0
2020-04-27,2003.75,0.0,1.0,0.0
2020-04-28,2018.67,0.0,1.0,0.0
2020-04-29,2030.72,0.0,1.0,0.0
2020-04-30,2030.48,-1.0,1.0,-1.0
2020-05-06,2069.43,1.0,0.0,1.0
2020-05-07,2110.27,0.0,1.0,0.0
2020-05-08,2106.84,0.0,1.0,0.0
2020-05-11,2125.24,0.0,1.0,0.0
2020-05-12,2102.83,0.0,1.0,0.0
2020-05-13,2124.15,0.0,1.0,0.0
2020-05-14,2140.68,0.0,1.0,0.0
2020-05-15,2117.65,0.0,1.0,0.0
2020-05-18,2124.31,0.0,1.0,0.0
2020-05-19,2114.86,0.0,1.0,0.0
2020-05-20,2144.12,0.0,1.0,0.0
2020-05-21,2118.12,0.0,1.0,0.0
2020-05-22,2099.43,0.0,1.0,0.0
2020-05-25,2046.6,0.0,1.0,0.0
2020-05-26,2052.3,-1.0,1.0,-1.0
2020-05-27,2112.97,1.0,0.0,1.0
2020-05-28,2071.47,0.0,1.0,0.0
2020-05-29,2054.96,-1.0,1.0,-1.0
2020-06-01,2086.67,0.0,0.0,-1.0
2020-06-02,2158.22,0.0,-1.0,0.0
2020-06-03,2145.29,0.0,-1.0,0.0
2020-06-04,2143.12,0.0,-1.0,0.0
2020-06-05,2151.38,0.0,-1.0,0.0
2020-06-08,2166.38,0.0,-1.0,0.0
2020-06-09,2153.56,0.0,-1.0,0.0
2020-06-10,2181.59,0.0,-1.0,0.0
2020-06-11,2201.99,0.0,-1.0,0.0
2020-06-12,2195.64,1.0,-1.0,1.0
2020-06-15,2206.76,0.0,0.0,1.0
2020-06-16,2219.55,0.0,1.0,0.0
2020-06-17,2260.46,-1.0,1.0,-1.0
2020-06-18,2263.96,0.0,0.0,-1.0
2020-06-19,2266.03,0.0,-1.0,0.0
2020-06-22,2319.45,1.0,-1.0,1.0
2020-06-23,2342.88,0.0,0.0,1.0
2020-06-24,2382.05,0.0,1.0,0.0
2020-06-29,2382.47,0.0,1.0,0.0
2020-06-30,2372.54,0.0,1.0,0.0
2020-07-01,2438.2,0.0,1.0,0.0
2020-07-02,2419.63,0.0,1.0,0.0
2020-07-03,2424.39,0.0,1.0,0.0
2020-07-06,2462.56,0.0,1.0,0.0
2020-07-07,2529.49,0.0,1.0,0.0
2020-07-08,2591.26,0.0,1.0,0.0
2020-07-09,2651.97,0.0,1.0,0.0
2020-07-10,2757.65,0.0,1.0,0.0
2020-07-13,2778.46,0.0,1.0,0.0
2020-07-14,2889.43,0.0,1.0,0.0
2020-07-15,2858.67,0.0,1.0,0.0
2020-07-16,2813.06,0.0,1.0,0.0
2020-07-17,2646.26,0.0,1.0,0.0
2020-07-20,2662.4,0.0,1.0,0.0
2020-07-21,2697.3,0.0,1.0,0.0
2020-07-22,2736.51,-1.0,1.0,-1.0
2020-07-23,2769.03,0.0,0.0,-1.0
2020-07-24,2799.67,1.0,-1.0,1.0
2020-07-27,2627.84,-1.0,0.0,-1.0
2020-07-28,2631.76,0.0,-1.0,0.0
2020-07-29,2666.52,0.0,-1.0,0.0
2020-07-30,2767.4,0.0,-1.0,0.0
2020-07-31,2743.63,0.0,-1.0,0.0
2020-08-03,2795.4,0.0,-1.0,0.0
2020-08-04,2868.88,0.0,-1.0,0.0
2020-08-05,2832.84,0.0,-1.0,0.0
2020-08-06,2860.24,0.0,-1.0,0.0
2020-08-07,2814.37,0.0,-1.0,0.0
2020-08-10,2749.95,1.0,-1.0,1.0
2020-08-11,2735.26,-1.0,0.0,-1.0
2020-08-12,2688.7,0.0,-1.0,0.0
2020-08-13,2635.5,0.0,-1.0,0.0
2020-08-14,2622.64,0.0,-1.0,0.0
2020-08-17,2668.71,0.0,-1.0,0.0
2020-08-18,2696.39,0.0,-1.0,0.0
2020-08-19,2701.06,0.0,-1.0,0.0
2020-08-20,2612.84,0.0,-1.0,0.0
2020-08-21,2587.86,0.0,-1.0,0.0
2020-08-24,2632.45,0.0,-1.0,0.0
2020-08-25,2684.63,0.0,-1.0,0.0
2020-08-26,2701.6,0.0,-1.0,0.0
2020-08-27,2644.15,1.0,-1.0,1.0
2020-08-28,2689.17,0.0,0.0,1.0
2020-08-31,2757.84,0.0,1.0,0.0
2020-09-01,2728.31,0.0,1.0,0.0
2020-09-02,2750.42,0.0,1.0,0.0
2020-09-03,2771.85,0.0,1.0,0.0
2020-09-04,2746.95,0.0,1.0,0.0
2020-09-07,2732.15,0.0,1.0,0.0
2020-09-08,2641.2,0.0,1.0,0.0
2020-09-09,2650.63,0.0,1.0,0.0
2020-09-10,2523.4,0.0,1.0,0.0
2020-09-11,2483.03,0.0,1.0,0.0
2020-09-14,2536.62,0.0,1.0,0.0
2020-09-15,2572.6,0.0,1.0,0.0
2020-09-16,2595.15,0.0,1.0,0.0
2020-09-17,2554.8,0.0,1.0,0.0
2020-09-18,2557.32,0.0,1.0,0.0
2020-09-21,2596.08,0.0,1.0,0.0
2020-09-22,2569.22,0.0,1.0,0.0
2020-09-23,2555.54,0.0,1.0,0.0
2020-09-24,2599.88,0.0,1.0,0.0
2020-09-25,2535.87,-1.0,1.0,-1.0
2020-09-28,2540.43,0.0,0.0,-1.0
2020-09-29,2521.25,1.0,-1.0,1.0
2020-09-30,2563.38,0.0,0.0,1.0
2020-10-09,2574.76,0.0,1.0,0.0
2020-10-12,2672.93,0.0,1.0,0.0
2020-10-13,2777.39,0.0,1.0,0.0
2020-10-14,2784.72,0.0,1.0,0.0
2020-10-15,2764.24,0.0,1.0,0.0
2020-10-16,2737.96,0.0,1.0,0.0
2020-10-19,2724.5,0.0,1.0,0.0
2020-10-20,2689.67,0.0,1.0,0.0
2020-10-21,2740.58,-1.0,1.0,-1.0
2020-10-22,2700.53,0.0,0.0,-1.0
2020-10-23,2673.59,0.0,-1.0,0.0
2020-10-26,2600.84,0.0,-1.0,0.0
2020-10-27,2617.74,0.0,-1.0,0.0
2020-10-28,2650.76,0.0,-1.0,0.0
2020-10-29,2670.48,0.0,-1.0,0.0
2020-10-30,2699.92,0.0,-1.0,0.0
2020-11-02,2655.86,0.0,-1.0,0.0
2020-11-03,2708.39,0.0,-1.0,0.0
2020-11-04,2744.31,0.0,-1.0,0.0
2020-11-05,2750.55,0.0,-1.0,0.0
2020-11-06,2787.88,0.0,-1.0,0.0
2020-11-09,2733.07,1.0,-1.0,1.0
2020-11-10,2814.0,0.0,0.0,1.0
2020-11-11,2773.22,0.0,1.0,0.0
2020-11-12,2681.52,0.0,1.0,0.0
2020-11-13,2700.51,0.0,1.0,0.0
2020-11-16,2706.81,0.0,1.0,0.0
2020-11-17,2712.41,0.0,1.0,0.0
2020-11-18,2658.09,0.0,1.0,0.0
2020-11-19,2620.67,0.0,1.0,0.0
2020-11-20,2645.16,-1.0,1.0,-1.0
2020-11-23,2667.09,0.0,0.0,-1.0
2020-11-24,2686.36,0.0,-1.0,0.0
2020-11-25,2674.8,1.0,-1.0,1.0
2020-11-26,2615.53,-1.0,0.0,-1.0
2020-11-27,2609.39,0.0,-1.0,0.0
2020-11-30,2618.99,0.0,-1.0,0.0
2020-12-01,2631.89,1.0,-1.0,1.0
2020-12-02,2698.44,0.0,0.0,1.0
2020-12-03,2682.97,-1.0,1.0,-1.0
2020-12-04,2712.52,0.0,0.0,-1.0
2020-12-07,2730.84,0.0,-1.0,0.0
2020-12-08,2726.48,1.0,-1.0,1.0
2020-12-09,2746.28,0.0,0.0,1.0
2020-12-10,2697.83,-1.0,1.0,-1.0
2020-12-11,2718.55,0.0,0.0,-1.0
2020-12-14,2687.78,0.0,-1.0,0.0
2020-12-15,2726.6,0.0,-1.0,0.0
2020-12-16,2758.85,0.0,-1.0,0.0
2020-12-17,2760.64,0.0,-1.0,0.0
2020-12-18,2785.62,0.0,-1.0,0.0
2020-12-21,2780.73,0.0,-1.0,0.0
2020-12-22,2882.44,1.0,-1.0,1.0
2020-12-23,2811.75,0.0,0.0,1.0
2020-12-24,2842.97,-1.0,1.0,-1.0
2020-12-25,2820.75,0.0,0.0,-1.0
2020-12-28,2840.8,0.0,-1.0,0.0
2020-12-29,2842.81,0.0,-1.0,0.0
2020-12-30,2813.0,0.0,-1.0,0.0
2020-12-31,2900.54,0.0,-1.0,0.0
2021-01-04,2966.26,1.0,-1.0,1.0
2021-01-05,3078.11,0.0,0.0,1.0
2021-01-06,3097.98,0.0,1.0,0.0
2021-01-07,3115.09,0.0,1.0,0.0
2021-01-08,3162.4,-1.0,1.0,-1.0
2021-01-11,3150.78,0.0,0.0,-1.0
2021-01-12,3092.86,1.0,-1.0,1.0
2021-01-13,3180.35,0.0,0.0,1.0
2021-01-14,3130.3,0.0,1.0,0.0
2021-01-15,3089.18,0.0,1.0,0.0
2021-01-18,3089.94,0.0,1.0,0.0
2021-01-19,3149.2,-1.0,1.0,-1.0
2021-01-20,3084.49,0.0,0.0,-1.0
2021-01-21,3204.93,0.0,-1.0,0.0
2021-01-22,3283.72,1.0,-1.0,1.0
2021-01-25,3358.24,0.0,0.0,1.0
2021-01-26,3355.24,0.0,1.0,0.0
2021-01-27,3258.36,0.0,1.0,0.0
2021-01-28,3281.03,0.0,1.0,0.0
2021-01-29,3161.86,-1.0,1.0,-1.0
2021-02-01,3128.86,0.0,0.0,-1.0
2021-02-02,3159.99,0.0,-1.0,0.0
2021-02-03,3228.7,0.0,-1.0,0.0
2021-02-04,3223.77,0.0,-1.0,0.0
2021-02-05,3200.55,0.0,-1.0,0.0
2021-02-08,3193.71,0.0,-1.0,0.0
2021-02-09,3278.06,1.0,-1.0,1.0
2021-02-10,3334.24,0.0,0.0,1.0
2021-02-18,3413.81,0.0,1.0,0.0
2021-02-19,3320.14,0.0,1.0,0.0
2021-02-22,3285.53,-1.0,1.0,-1.0
2021-02-23,3138.67,0.0,0.0,-1.0
2021-02-24,3112.36,0.0,-1.0,0.0
2021-02-25,3007.46,0.0,-1.0,0.0
2021-02-26,2977.18,0.0,-1.0,0.0
2021-03-01,2914.11,0.0,-1.0,0.0
2021-03-02,2994.75,0.0,-1.0,0.0
2021-03-03,2966.89,0.0,-1.0,0.0
2021-03-04,2997.75,0.0,-1.0,0.0
2021-03-05,2851.87,0.0,-1.0,0.0
2021-03-08,2871.97,1.0,-1.0,1.0
2021-03-09,2728.84,0.0,0.0,1.0
2021-03-10,2633.45,-1.0,1.0,-1.0
2021-03-11,2676.7,0.0,0.0,-1.0
2021-03-12,2746.58,0.0,-1.0,0.0
2021-03-15,2756.81,0.0,-1.0,0.0
2021-03-16,2644.01,0.0,-1.0,0.0
2021-03-17,2672.12,1.0,-1.0,1.0
2021-03-18,2704.14,0.0,0.0,1.0
2021-03-19,2748.73,0.0,1.0,0.0
2021-03-22,2671.52,-1.0,1.0,-1.0
2021-03-23,2698.26,0.0,0.0,-1.0
2021-03-24,2668.08,0.0,-1.0,0.0
2021-03-25,2634.61,0.0,-1.0,0.0
2021-03-26,2656.0,0.0,-1.0,0.0
2021-03-29,2745.4,0.0,-1.0,0.0
2021-03-30,2733.96,0.0,-1.0,0.0
2021-03-31,2771.32,0.0,-1.0,0.0
2021-04-01,2758.5,0.0,-1.0,0.0
2021-04-02,2815.41,0.0,-1.0,0.0
2021-04-06,2852.23,0.0,-1.0,0.0
2021-04-07,2831.6,0.0,-1.0,0.0
2021-04-08,2807.2,0.0,-1.0,0.0
2021-04-09,2826.99,0.0,-1.0,0.0
2021-04-12,2783.33,0.0,-1.0,0.0
2021-04-13,2719.95,0.0,-1.0,0.0
2021-04-14,2742.85,0.0,-1.0,0.0
2021-04-15,2804.41,0.0,-1.0,0.0
2021-04-16,2790.64,0.0,-1.0,0.0
2021-04-19,2783.37,0.0,-1.0,0.0
2021-04-20,2898.73,0.0,-1.0,0.0
2021-04-21,2896.11,0.0,-1.0,0.0
2021-04-22,2916.97,0.0,-1.0,0.0
2021-04-23,2939.39,0.0,-1.0,0.0
2021-04-26,2994.49,1.0,-1.0,1.0
2021-04-27,2969.4,0.0,0.0,1.0
2021-04-28,2986.03,0.0,1.0,0.0
2021-04-29,3050.58,0.0,1.0,0.0
2021-04-30,3051.42,0.0,1.0,0.0
2021-05-06,3091.4,0.0,1.0,0.0
2021-05-07,3014.81,0.0,1.0,0.0
2021-05-10,2910.41,0.0,1.0,0.0
2021-05-11,2921.72,-1.0,1.0,-1.0
2021-05-12,2921.34,0.0,0.0,-1.0
2021-05-13,2960.36,0.0,-1.0,0.0
2021-05-14,2943.62,0.0,-1.0,0.0
2021-05-17,3033.81,0.0,-1.0,0.0
2021-05-18,3112.74,0.0,-1.0,0.0
2021-05-19,3090.12,0.0,-1.0,0.0
2021-05-20,3114.72,0.0,-1.0,0.0
2021-05-21,3143.62,0.0,-1.0,0.0
2021-05-24,3113.26,0.0,-1.0,0.0
2021-05-25,3139.69,0.0,-1.0,0.0
2021-05-26,3227.36,1.0,-1.0,1.0
2021-05-27,3196.85,-1.0,0.0,-1.0
2021-05-28,3226.11,0.0,-1.0,0.0
2021-05-31,3232.29,1.0,-1.0,1.0
2021-06-01,3309.07,0.0,0.0,1.0
2021-06-02,3300.16,0.0,1.0,0.0
2021-06-03,3243.02,-1.0,1.0,-1.0
2021-06-04,3201.78,0.0,0.0,-1.0
2021-06-07,3242.61,0.0,-1.0,0.0
2021-06-08,3228.24,0.0,-1.0,0.0
2021-06-09,3208.57,0.0,-1.0,0.0
2021-06-10,3207.63,0.0,-1.0,0.0
2021-06-11,3285.51,0.0,-1.0,0.0
2021-06-15,3298.5,0.0,-1.0,0.0
2021-06-16,3262.19,0.0,-1.0,0.0
2021-06-17,3125.7,0.0,-1.0,0.0
2021-06-18,3188.59,0.0,-1.0,0.0
2021-06-21,3239.23,0.0,-1.0,0.0
2021-06-22,3270.58,0.0,-1.0,0.0
2021-06-23,3281.99,0.0,-1.0,0.0
2021-06-24,3318.95,0.0,-1.0,0.0
2021-06-25,3279.16,0.0,-1.0,0.0
2021-06-28,3347.7,0.0,-1.0,0.0
2021-06-29,3412.86,1.0,-1.0,1.0
2021-06-30,3406.24,0.0,0.0,1.0
2021-07-01,3477.18,0.0,1.0,0.0
2021-07-02,3455.36,0.0,1.0,0.0
2021-07-05,3333.9,0.0,1.0,0.0
2021-07-06,3352.12,0.0,1.0,0.0
2021-07-07,3291.99,0.0,1.0,0.0
2021-07-08,3409.59,0.0,1.0,0.0
2021-07-09,3432.96,0.0,1.0,0.0
2021-07-12,3409.31,0.0,1.0,0.0
2021-07-13,3534.76,0.0,1.0,0.0
2021-07-14,3514.98,-1.0,1.0,-1.0
2021-07-15,3488.63,0.0,0.0,-1.0
2021-07-16,3537.39,0.0,-1.0,0.0
2021-07-19,3432.65,0.0,-1.0,0.0
2021-07-20,3449.53,0.0,-1.0,0.0
2021-07-21,3463.79,0.0,-1.0,0.0
2021-07-22,3560.05,0.0,-1.0,0.0
2021-07-23,3544.44,0.0,-1.0,0.0
2021-07-26,3469.87,0.0,-1.0,0.0
2021-07-27,3371.23,1.0,-1.0,1.0
2021-07-28,3232.84,0.0,0.0,1.0
2021-07-29,3284.92,0.0,1.0,0.0
2021-07-30,3459.72,0.0,1.0,0.0
2021-08-02,3440.18,0.0,1.0,0.0
2021-08-03,3493.36,0.0,1.0,0.0
2021-08-04,3477.23,0.0,1.0,0.0
2021-08-05,3563.13,0.0,1.0,0.0
2021-08-06,3532.5,-1.0,1.0,-1.0
2021-08-09,3490.9,0.0,0.0,-1.0
2021-08-10,3456.75,0.0,-1.0,0.0
2021-08-11,3468.67,0.0,-1.0,0.0
2021-08-12,3437.06,0.0,-1.0,0.0
2021-08-13,3386.43,0.0,-1.0,0.0
2021-08-16,3345.13,0.0,-1.0,0.0
2021-08-17,3301.39,0.0,-1.0,0.0
2021-08-18,3224.15,0.0,-1.0,0.0
2021-08-19,3248.37,0.0,-1.0,0.0
2021-08-20,3278.36,0.0,-1.0,0.0
2021-08-23,3192.9,0.0,-1.0,0.0
2021-08-24,3293.77,0.0,-1.0,0.0
2021-08-25,3330.58,0.0,-1.0,0.0
2021-08-26,3348.66,0.0,-1.0,0.0
2021-08-27,3264.45,0.0,-1.0,0.0
2021-08-30,3257.07,0.0,-1.0,0.0
2021-08-31,3271.8,1.0,-1.0,1.0
2021-09-01,3214.12,0.0,0.0,1.0
2021-09-02,3186.85,-1.0,1.0,-1.0
2021-09-03,3138.8,0.0,0.0,-1.0
2021-09-06,3102.14,0.0,-1.0,0.0
2021-09-07,3228.09,0.0,-1.0,0.0
2021-09-08,3251.49,0.0,-1.0,0.0
2021-09-09,3219.95,0.0,-1.0,0.0
2021-09-10,3221.94,1.0,-1.0,1.0
2021-09-13,3232.01,0.0,0.0,1.0
2021-09-14,3194.27,-1.0,1.0,-1.0
2021-09-15,3236.55,0.0,0.0,-1.0
2021-09-16,3200.4,0.0,-1.0,0.0
2021-09-17,3128.84,0.0,-1.0,0.0
2021-09-22,3193.26,0.0,-1.0,0.0
2021-09-23,3164.33,0.0,-1.0,0.0
2021-09-24,3182.47,0.0,-1.0,0.0
2021-09-27,3207.82,0.0,-1.0,0.0
2021-09-28,3231.58,0.0,-1.0,0.0
2021-09-29,3211.45,0.0,-1.0,0.0
2021-09-30,3175.15,0.0,-1.0,0.0
2021-10-08,3244.65,0.0,-1.0,0.0
2021-10-11,3243.2,0.0,-1.0,0.0
2021-10-12,3196.19,0.0,-1.0,0.0
2021-10-13,3138.26,0.0,-1.0,0.0
2021-10-14,3210.16,0.0,-1.0,0.0
2021-10-15,3215.74,1.0,-1.0,1.0
2021-10-18,3276.32,0.0,0.0,1.0
2021-10-19,3276.48,0.0,1.0,0.0
2021-10-20,3297.29,0.0,1.0,0.0
2021-10-21,3285.12,0.0,1.0,0.0
2021-10-22,3279.49,0.0,1.0,0.0
2021-10-25,3284.91,-1.0,1.0,-1.0
2021-10-26,3338.62,1.0,0.0,1.0
2021-10-27,3327.54,0.0,1.0,0.0
2021-10-28,3308.96,0.0,1.0,0.0
2021-10-29,3278.36,0.0,1.0,0.0
2021-11-01,3350.67,0.0,1.0,0.0
2021-11-02,3331.91,0.0,1.0,0.0
2021-11-03,3339.6,0.0,1.0,0.0
2021-11-04,3327.09,0.0,1.0,0.0
2021-11-05,3362.25,-1.0,1.0,-1.0
2021-11-08,3352.75,0.0,0.0,-1.0
2021-11-09,3380.29,0.0,-1.0,0.0
2021-11-10,3409.94,0.0,-1.0,0.0
2021-11-11,3399.66,0.0,-1.0,0.0
2021-11-12,3433.24,0.0,-1.0,0.0
2021-11-15,3430.14,0.0,-1.0,0.0
2021-11-16,3401.87,0.0,-1.0,0.0
2021-11-17,3393.71,0.0,-1.0,0.0
2021-11-18,3421.33,0.0,-1.0,0.0
2021-11-19,3383.91,0.0,-1.0,0.0
2021-11-22,3418.96,0.0,-1.0,0.0
2021-11-23,3505.73,1.0,-1.0,1.0
2021-11-24,3492.77,0.0,0.0,1.0
2021-11-25,3478.66,0.0,1.0,0.0
2021-11-26,3474.45,0.0,1.0,0.0
2021-11-29,3468.87,-1.0,1.0,-1.0
2021-11-30,3503.41,1.0,0.0,1.0
2021-12-01,3495.59,0.0,1.0,0.0
2021-12-02,3473.37,-1.0,1.0,-1.0
2021-12-03,3466.91,0.0,0.0,-1.0
2021-12-06,3478.67,0.0,-1.0,0.0
2021-12-07,3405.93,0.0,-1.0,0.0
2021-12-08,3368.78,0.0,-1.0,0.0
2021-12-09,3424.7,0.0,-1.0,0.0
2021-12-10,3459.32,0.0,-1.0,0.0
2021-12-13,3466.8,0.0,-1.0,0.0
2021-12-14,3496.96,0.0,-1.0,0.0
2021-12-15,3495.06,0.0,-1.0,0.0
2021-12-16,3464.76,0.0,-1.0,0.0
2021-12-17,3490.45,0.0,-1.0,0.0
2021-12-20,3434.34,0.0,-1.0,0.0
2021-12-21,3332.61,0.0,-1.0,0.0
2021-12-22,3350.43,1.0,-1.0,1.0
2021-12-23,3368.7,0.0,0.0,1.0
2021-12-24,3373.7,0.0,1.0,0.0
2021-12-27,3297.11,0.0,1.0,0.0
2021-12-28,3293.81,0.0,1.0,0.0
2021-12-29,3328.56,0.0,1.0,0.0
2021-12-30,3281.9,-1.0,1.0,-1.0
2021-12-31,3322.79,1.0,0.0,1.0
2022-01-04,3322.67,0.0,1.0,0.0
2022-01-05,3250.16,0.0,1.0,0.0
2022-01-06,3161.51,-1.0,1.0,-1.0
2022-01-07,3127.48,0.0,0.0,-1.0
2022-01-10,3096.88,0.0,-1.0,0.0
2022-01-11,3095.69,0.0,-1.0,0.0
2022-01-12,3056.15,0.0,-1.0,0.0
2022-01-13,3136.69,0.0,-1.0,0.0
2022-01-14,3083.14,0.0,-1.0,0.0
2022-01-17,3119.41,0.0,-1.0,0.0
2022-01-18,3170.41,0.0,-1.0,0.0
2022-01-19,3144.33,0.0,-1.0,0.0
2022-01-20,3075.98,0.0,-1.0,0.0
2022-01-21,3065.99,0.0,-1.0,0.0
2022-01-24,3034.68,0.0,-1.0,0.0
2022-01-25,3056.43,0.0,-1.0,0.0
2022-01-26,2974.96,1.0,-1.0,1.0
2022-01-27,3004.41,-1.0,0.0,-1.0
2022-01-28,2906.76,0.0,-1.0,0.0
2022-02-07,2908.94,0.0,-1.0,0.0
2022-02-08,2917.86,0.0,-1.0,0.0
2022-02-09,2846.48,0.0,-1.0,0.0
2022-02-10,2883.6,0.0,-1.0,0.0
2022-02-11,2826.52,1.0,-1.0,1.0
2022-02-14,2746.38,-1.0,0.0,-1.0
2022-02-15,2732.01,0.0,-1.0,0.0
2022-02-16,2816.44,1.0,-1.0,1.0
2022-02-17,2818.4,0.0,0.0,1.0
2022-02-18,2839.83,-1.0,1.0,-1.0
2022-02-21,2826.81,0.0,0.0,-1.0
2022-02-22,2804.6,0.0,-1.0,0.0
2022-02-23,2765.91,0.0,-1.0,0.0
2022-02-24,2843.87,1.0,-1.0,1.0
2022-02-25,2783.9,0.0,0.0,1.0
2022-02-28,2855.8,0.0,1.0,0.0
2022-03-01,2881.31,0.0,1.0,0.0
2022-03-02,2885.79,0.0,1.0,0.0
2022-03-03,2834.64,0.0,1.0,0.0
2022-03-04,2791.95,-1.0,1.0,-1.0
2022-03-07,2748.64,0.0,0.0,-1.0
2022-03-08,2630.37,0.0,-1.0,0.0
2022-03-09,2582.99,1.0,-1.0,1.0
2022-03-10,2566.72,-1.0,0.0,-1.0
2022-03-11,2635.19,1.0,-1.0,1.0
2022-03-14,2665.46,0.0,0.0,1.0
2022-03-15,2570.45,0.0,1.0,0.0
2022-03-16,2504.78,0.0,1.0,0.0
2022-03-17,2635.08,0.0,1.0,0.0
2022-03-18,2710.73,0.0,1.0,0.0
2022-03-21,2713.79,0.0,1.0,0.0
2022-03-22,2726.18,-1.0,1.0,-1.0
2022-03-23,2688.23,0.0,0.0,-1.0
2022-03-24,2715.95,0.0,-1.0,0.0
2022-03-25,2706.21,0.0,-1.0,0.0
2022-03-28,2637.94,0.0,-1.0,0.0
2022-03-29,2594.13,0.0,-1.0,0.0
2022-03-30,2592.67,0.0,-1.0,0.0
2022-03-31,2696.83,0.0,-1.0,0.0
2022-04-01,2659.49,0.0,-1.0,0.0
2022-04-06,2666.97,0.0,-1.0,0.0
2022-04-07,2633.91,1.0,-1.0,1.0
2022-04-08,2578.53,0.0,0.0,1.0
2022-04-11,2569.91,0.0,1.0,0.0
2022-04-12,2462.04,0.0,1.0,0.0
2022-04-13,2523.69,0.0,1.0,0.0
2022-04-14,2466.84,0.0,1.0,0.0
2022-04-15,2466.29,0.0,1.0,0.0
2022-04-18,2460.36,-1.0,1.0,-1.0
2022-04-19,2487.77,0.0,0.0,-1.0
2022-04-20,2453.55,0.0,-1.0,0.0
2022-04-21,2363.65,0.0,-1.0,0.0
2022-04-22,2312.46,1.0,-1.0,1.0
2022-04-25,2296.6,0.0,0.0,1.0
2022-04-26,2169.0,0.0,1.0,0.0
2022-04-27,2150.51,0.0,1.0,0.0
2022-04-28,2269.17,0.0,1.0,0.0
2022-04-29,2227.65,0.0,1.0,0.0
2022-05-05,2319.14,0.0,1.0,0.0
2022-05-06,2288.4,0.0,1.0,0.0
2022-05-09,2244.97,0.0,1.0,0.0
2022-05-10,2228.07,0.0,1.0,0.0
2022-05-11,2276.35,0.0,1.0,0.0
2022-05-12,2346.15,-1.0,1.0,-1.0
2022-05-13,2351.27,1.0,0.0,1.0
2022-05-16,2358.16,-1.0,1.0,-1.0
2022-05-17,2331.23,0.0,0.0,-1.0
2022-05-18,2369.09,0.0,-1.0,0.0
2022-05-19,2365.38,1.0,-1.0,1.0
2022-05-20,2377.13,0.0,0.0,1.0
2022-05-23,2417.35,-1.0,1.0,-1.0
2022-05-24,2410.12,0.0,0.0,-1.0
2022-05-25,2318.07,0.0,-1.0,0.0
2022-05-26,2325.6,0.0,-1.0,0.0
2022-05-27,2321.13,0.0,-1.0,0.0
2022-05-30,2322.48,0.0,-1.0,0.0
2022-05-31,2350.38,0.0,-1.0,0.0
2022-06-01,2405.08,0.0,-1.0,0.0
2022-06-02,2428.96,0.0,-1.0,0.0
2022-06-06,2458.26,1.0,-1.0,1.0
2022-06-07,2554.66,0.0,0.0,1.0
2022-06-08,2554.63,0.0,1.0,0.0
2022-06-09,2576.34,0.0,1.0,0.0
2022-06-10,2500.21,0.0,1.0,0.0
2022-06-13,2556.47,0.0,1.0,0.0
2022-06-14,2546.49,0.0,1.0,0.0
2022-06-15,2548.31,-1.0,1.0,-1.0
2022-06-16,2575.09,1.0,0.0,1.0
2022-06-17,2585.47,0.0,1.0,0.0
2022-06-20,2657.21,0.0,1.0,0.0
2022-06-21,2710.14,0.0,1.0,0.0
2022-06-22,2692.98,0.0,1.0,0.0
2022-06-23,2677.29,-1.0,1.0,-1.0
2022-06-24,2760.1,1.0,0.0,1.0
2022-06-27,2824.44,0.0,1.0,0.0
2022-06-28,2830.6,0.0,1.0,0.0
2022-06-29,2840.42,0.0,1.0,0.0
2022-06-30,2768.61,0.0,1.0,0.0
2022-07-01,2810.6,0.0,1.0,0.0
2022-07-04,2781.94,0.0,1.0,0.0
2022-07-05,2834.69,0.0,1.0,0.0
2022-07-06,2825.13,0.0,1.0,0.0
2022-07-07,2802.72,0.0,1.0,0.0
2022-07-08,2849.71,0.0,1.0,0.0
2022-07-11,2817.64,0.0,1.0,0.0
2022-07-12,2767.46,0.0,1.0,0.0
2022-07-13,2702.69,-1.0,1.0,-1.0
2022-07-14,2746.86,0.0,0.0,-1.0
2022-07-15,2819.13,1.0,-1.0,1.0
2022-07-18,2760.5,0.0,0.0,1.0
2022-07-19,2800.36,-1.0,1.0,-1.0
2022-07-20,2750.87,0.0,0.0,-1.0
2022-07-21,2765.16,0.0,-1.0,0.0
2022-07-22,2751.41,0.0,-1.0,0.0
2022-07-25,2737.31,0.0,-1.0,0.0
2022-07-26,2704.95,0.0,-1.0,0.0
2022-07-27,2713.46,0.0,-1.0,0.0
2022-07-28,2714.25,0.0,-1.0,0.0
2022-07-29,2705.9,0.0,-1.0,0.0
2022-08-01,2670.45,0.0,-1.0,0.0
2022-08-02,2733.74,0.0,-1.0,0.0
2022-08-03,2678.62,0.0,-1.0,0.0
2022-08-04,2628.82,0.0,-1.0,0.0
2022-08-05,2640.78,0.0,-1.0,0.0
2022-08-08,2683.6,0.0,-1.0,0.0
2022-08-09,2675.69,1.0,-1.0,1.0
2022-08-10,2694.8,0.0,0.0,1.0
2022-08-11,2658.58,0.0,1.0,0.0
2022-08-12,2721.49,-1.0,1.0,-1.0
2022-08-15,2690.83,0.0,0.0,-1.0
2022-08-16,2718.59,0.0,-1.0,0.0
2022-08-17,2731.39,1.0,-1.0,1.0
2022-08-18,2777.91,0.0,0.0,1.0
2022-08-19,2775.82,-1.0,1.0,-1.0
2022-08-22,2734.22,0.0,0.0,-1.0
2022-08-23,2779.02,0.0,-1.0,0.0
2022-08-24,2780.31,0.0,-1.0,0.0
2022-08-25,2679.05,0.0,-1.0,0.0
2022-08-26,2667.3,0.0,-1.0,0.0
2022-08-29,2640.29,0.0,-1.0,0.0
2022-08-30,2630.51,0.0,-1.0,0.0
2022-08-31,2612.14,0.0,-1.0,0.0
2022-09-01,2570.41,0.0,-1.0,0.0
2022-09-02,2533.85,0.0,-1.0,0.0
2022-09-05,2533.02,0.0,-1.0,0.0
2022-09-06,2538.2,0.0,-1.0,0.0
2022-09-07,2540.64,0.0,-1.0,0.0
2022-09-08,2570.8,1.0,-1.0,1.0
2022-09-09,2523.01,-1.0,0.0,-1.0
2022-09-13,2548.22,0.0,-1.0,0.0
2022-09-14,2550.63,0.0,-1.0,0.0
2022-09-15,2503.82,0.0,-1.0,0.0
2022-09-16,2424.19,0.0,-1.0,0.0
2022-09-19,2367.4,0.0,-1.0,0.0
2022-09-20,2350.38,0.0,-1.0,0.0
2022-09-21,2366.9,0.0,-1.0,0.0
2022-09-22,2331.52,0.0,-1.0,0.0
2022-09-23,2319.42,0.0,-1.0,0.0
2022-09-26,2303.91,0.0,-1.0,0.0
2022-09-27,2323.05,0.0,-1.0,0.0
2022-09-28,2374.74,0.0,-1.0,0.0
2022-09-29,2313.77,0.0,-1.0,0.0
2022-09-30,2333.0,0.0,-1.0,0.0
2022-10-10,2288.97,0.0,-1.0,0.0
2022-10-11,2236.24,0.0,-1.0,0.0
2022-10-12,2261.89,0.0,-1.0,0.0
2022-10-13,2343.3,0.0,-1.0,0.0
2022-10-14,2350.69,0.0,-1.0,0.0
2022-10-17,2434.22,1.0,-1.0,1.0
2022-10-18,2435.02,0.0,0.0,1.0
2022-10-19,2446.93,-1.0,1.0,-1.0
2022-10-20,2425.96,0.0,0.0,-1.0
2022-10-21,2401.72,0.0,-1.0,0.0
2022-10-24,2395.16,0.0,-1.0,0.0
2022-10-25,2336.84,0.0,-1.0,0.0
2022-10-26,2314.55,0.0,-1.0,0.0
2022-10-27,2372.88,0.0,-1.0,0.0
2022-10-28,2337.25,0.0,-1.0,0.0
2022-10-31,2250.51,0.0,-1.0,0.0
2022-11-01,2265.08,0.0,-1.0,0.0
2022-11-02,2337.65,0.0,-1.0,0.0
2022-11-03,2375.86,0.0,-1.0,0.0
2022-11-04,2376.06,0.0,-1.0,0.0
2022-11-07,2451.22,1.0,-1.0,1.0
2022-11-08,2454.69,0.0,0.0,1.0
2022-11-09,2432.4,-1.0,1.0,-1.0
2022-11-10,2399.34,1.0,0.0,1.0
2022-11-11,2357.13,0.0,1.0,0.0
2022-11-14,2405.32,0.0,1.0,0.0
2022-11-15,2375.21,-1.0,1.0,-1.0
2022-11-16,2431.73,0.0,0.0,-1.0
2022-11-17,2402.91,0.0,-1.0,0.0
2022-11-18,2385.86,1.0,-1.0,1.0
2022-11-21,2389.76,0.0,0.0,1.0
2022-11-22,2387.3,0.0,1.0,0.0
2022-11-23,2343.55,0.0,1.0,0.0
2022-11-24,2340.34,0.0,1.0,0.0
2022-11-25,2335.52,0.0,1.0,0.0
2022-11-28,2309.36,0.0,1.0,0.0
2022-11-29,2298.8,0.0,1.0,0.0
2022-11-30,2339.79,-1.0,1.0,-1.0
2022-12-01,2345.31,0.0,0.0,-1.0
2022-12-02,2381.18,1.0,-1.0,1.0
2022-12-05,2383.32,0.0,0.0,1.0
2022-12-06,2377.11,-1.0,1.0,-1.0
2022-12-07,2393.28,0.0,0.0,-1.0
2022-12-08,2414.04,0.0,-1.0,0.0
2022-12-09,2411.81,0.0,-1.0,0.0
2022-12-12,2420.63,0.0,-1.0,0.0
2022-12-13,2401.52,0.0,-1.0,0.0
2022-12-14,2376.2,0.0,-1.0,0.0
2022-12-15,2368.08,0.0,-1.0,0.0
2022-12-16,2399.12,0.0,-1.0,0.0
2022-12-19,2373.72,0.0,-1.0,0.0
2022-12-20,2346.7,1.0,-1.0,1.0
2022-12-21,2310.8,0.0,0.0,1.0
2022-12-22,2303.7,0.0,1.0,0.0
2022-12-23,2295.32,0.0,1.0,0.0
2022-12-26,2286.19,0.0,1.0,0.0
2022-12-27,2331.41,0.0,1.0,0.0
2022-12-28,2359.5,-1.0,1.0,-1.0
2022-12-29,2338.26,0.0,0.0,-1.0
2022-12-30,2349.38,0.0,-1.0,0.0
2023-01-03,2346.77,1.0,-1.0,1.0
2023-01-04,2356.42,0.0,0.0,1.0
2023-01-05,2335.12,-1.0,1.0,-1.0
2023-01-06,2399.46,1.0,0.0,1.0
2023-01-09,2422.14,0.0,1.0,0.0
2023-01-10,2440.37,0.0,1.0,0.0
2023-01-11,2474.01,0.0,1.0,0.0
2023-01-12,2445.97,0.0,1.0,0.0
2023-01-13,2458.49,0.0,1.0,0.0
2023-01-16,2493.13,0.0,1.0,0.0
2023-01-17,2539.52,0.0,1.0,0.0
2023-01-18,2545.55,0.0,1.0,0.0
2023-01-19,2543.9,0.0,1.0,0.0
2023-01-20,2571.44,-1.0,1.0,-1.0
2023-01-30,2585.96,0.0,0.0,-1.0
2023-01-31,2613.89,0.0,-1.0,0.0
2023-02-01,2580.84,0.0,-1.0,0.0
2023-02-02,2613.69,0.0,-1.0,0.0
2023-02-03,2602.32,0.0,-1.0,0.0
2023-02-06,2580.11,0.0,-1.0,0.0
2023-02-07,2544.09,0.0,-1.0,0.0
2023-02-08,2537.97,0.0,-1.0,0.0
2023-02-09,2525.88,1.0,-1.0,1.0
2023-02-10,2569.73,-1.0,0.0,-1.0
2023-02-13,2545.16,0.0,-1.0,0.0
2023-02-14,2573.18,0.0,-1.0,0.0
2023-02-15,2565.15,0.0,-1.0,0.0
2023-02-16,2547.2,0.0,-1.0,0.0
2023-02-17,2512.5,0.0,-1.0,0.0
2023-02-20,2449.35,0.0,-1.0,0.0
2023-02-21,2480.79,0.0,-1.0,0.0
2023-02-22,2469.81,0.0,-1.0,0.0
2023-02-23,2451.9,0.0,-1.0,0.0
2023-02-24,2457.48,0.0,-1.0,0.0
2023-02-27,2428.94,0.0,-1.0,0.0
2023-02-28,2409.79,0.0,-1.0,0.0
2023-03-01,2429.03,0.0,-1.0,0.0
2023-03-02,2443.95,0.0,-1.0,0.0
2023-03-03,2418.6,0.0,-1.0,0.0
2023-03-06,2422.44,0.0,-1.0,0.0
2023-03-07,2431.56,1.0,-1.0,1.0
2023-03-08,2383.73,0.0,0.0,1.0
2023-03-09,2377.58,-1.0,1.0,-1.0
2023-03-10,2372.68,0.0,0.0,-1.0
